team|first-name|last-name|season|year|month|date|day|name|city|state|alias|alias2|passes-made|passes-received|breakdown|to-player-id|to-global-player-id|to-player-first-name|to-player-last-name|passes|assists|from-player-id|from-global-player-id|from-player-first-name|from-player-last-name|passes2|assists2
visitors|Abdul-Malik|Abu|2015|2016|3|9|3|Verizon Center|Washington|District of Columbia|NCSU|Duke|32|20|pass-made|120605|740396|Beejay|Anya|1|0|0|0|||0|0
visitors|Abdul-Malik|Abu|2015|2016|3|9|3|Verizon Center|Washington|District of Columbia|NCSU|Duke|32|20|pass-made|120606|740397|Anthony|Barber|21|0|0|0|||0|0
visitors|Abdul-Malik|Abu|2015|2016|3|9|3|Verizon Center|Washington|District of Columbia|NCSU|Duke|32|20|pass-made|126182|842969|Caleb|Martin|3|1|0|0|||0|0
visitors|Abdul-Malik|Abu|2015|2016|3|9|3|Verizon Center|Washington|District of Columbia|NCSU|Duke|32|20|pass-made|126183|842971|Cody|Martin|3|0|0|0|||0|0
visitors|Abdul-Malik|Abu|2015|2016|3|9|3|Verizon Center|Washington|District of Columbia|NCSU|Duke|32|20|pass-made|134001|901051|Shaun|Kirk|1|0|0|0|||0|0
visitors|Abdul-Malik|Abu|2015|2016|3|9|3|Verizon Center|Washington|District of Columbia|NCSU|Duke|32|20|pass-made|134002|901054|Maverick|Rowan|3|0|0|0|||0|0
visitors|Abdul-Malik|Abu|2015|2016|3|9|3|Verizon Center|Washington|District of Columbia|NCSU|Duke|32|20|pass-received|0|0|||0|0|120605|740396|Beejay|Anya|1|0
visitors|Abdul-Malik|Abu|2015|2016|3|9|3|Verizon Center|Washington|District of Columbia|NCSU|Duke|32|20|pass-received|0|0|||0|0|120606|740397|Anthony|Barber|12|3
visitors|Abdul-Malik|Abu|2015|2016|3|9|3|Verizon Center|Washington|District of Columbia|NCSU|Duke|32|20|pass-received|0|0|||0|0|126182|842969|Caleb|Martin|3|1
visitors|Abdul-Malik|Abu|2015|2016|3|9|3|Verizon Center|Washington|District of Columbia|NCSU|Duke|32|20|pass-received|0|0|||0|0|126183|842971|Cody|Martin|3|2
visitors|Abdul-Malik|Abu|2015|2016|3|9|3|Verizon Center|Washington|District of Columbia|NCSU|Duke|32|20|pass-received|0|0|||0|0|134002|901054|Maverick|Rowan|1|0
visitors|Anthony|Barber|2015|2016|3|9|3|Verizon Center|Washington|District of Columbia|NCSU|Duke|67|88|pass-made|126180|842957|Abdul-Malik|Abu|12|3|0|0|||0|0
visitors|Anthony|Barber|2015|2016|3|9|3|Verizon Center|Washington|District of Columbia|NCSU|Duke|67|88|pass-made|126182|842969|Caleb|Martin|18|1|0|0|||0|0
visitors|Anthony|Barber|2015|2016|3|9|3|Verizon Center|Washington|District of Columbia|NCSU|Duke|67|88|pass-made|126183|842971|Cody|Martin|14|0|0|0|||0|0
visitors|Anthony|Barber|2015|2016|3|9|3|Verizon Center|Washington|District of Columbia|NCSU|Duke|67|88|pass-made|134002|901054|Maverick|Rowan|22|3|0|0|||0|0
visitors|Anthony|Barber|2015|2016|3|9|3|Verizon Center|Washington|District of Columbia|NCSU|Duke|67|88|pass-received|0|0|||0|0|120604|740395|Lennard|Freeman|4|1
visitors|Anthony|Barber|2015|2016|3|9|3|Verizon Center|Washington|District of Columbia|NCSU|Duke|67|88|pass-received|0|0|||0|0|120605|740396|Beejay|Anya|3|0
visitors|Anthony|Barber|2015|2016|3|9|3|Verizon Center|Washington|District of Columbia|NCSU|Duke|67|88|pass-received|0|0|||0|0|126180|842957|Abdul-Malik|Abu|21|0
visitors|Anthony|Barber|2015|2016|3|9|3|Verizon Center|Washington|District of Columbia|NCSU|Duke|67|88|pass-received|0|0|||0|0|126182|842969|Caleb|Martin|22|0
visitors|Anthony|Barber|2015|2016|3|9|3|Verizon Center|Washington|District of Columbia|NCSU|Duke|67|88|pass-received|0|0|||0|0|126183|842971|Cody|Martin|23|0
visitors|Anthony|Barber|2015|2016|3|9|3|Verizon Center|Washington|District of Columbia|NCSU|Duke|67|88|pass-received|0|0|||0|0|134001|901051|Shaun|Kirk|5|0
visitors|Anthony|Barber|2015|2016|3|9|3|Verizon Center|Washington|District of Columbia|NCSU|Duke|67|88|pass-received|0|0|||0|0|134002|901054|Maverick|Rowan|10|0
visitors|Caleb|Martin|2015|2016|3|9|3|Verizon Center|Washington|District of Columbia|NCSU|Duke|33|34|pass-made|120605|740396|Beejay|Anya|3|0|0|0|||0|0
visitors|Caleb|Martin|2015|2016|3|9|3|Verizon Center|Washington|District of Columbia|NCSU|Duke|33|34|pass-made|120606|740397|Anthony|Barber|22|0|0|0|||0|0
visitors|Caleb|Martin|2015|2016|3|9|3|Verizon Center|Washington|District of Columbia|NCSU|Duke|33|34|pass-made|126180|842957|Abdul-Malik|Abu|3|1|0|0|||0|0
visitors|Caleb|Martin|2015|2016|3|9|3|Verizon Center|Washington|District of Columbia|NCSU|Duke|33|34|pass-made|126183|842971|Cody|Martin|3|0|0|0|||0|0
visitors|Caleb|Martin|2015|2016|3|9|3|Verizon Center|Washington|District of Columbia|NCSU|Duke|33|34|pass-made|134002|901054|Maverick|Rowan|2|0|0|0|||0|0
visitors|Caleb|Martin|2015|2016|3|9|3|Verizon Center|Washington|District of Columbia|NCSU|Duke|33|34|pass-received|0|0|||0|0|120605|740396|Beejay|Anya|3|0
visitors|Caleb|Martin|2015|2016|3|9|3|Verizon Center|Washington|District of Columbia|NCSU|Duke|33|34|pass-received|0|0|||0|0|120606|740397|Anthony|Barber|18|1
visitors|Caleb|Martin|2015|2016|3|9|3|Verizon Center|Washington|District of Columbia|NCSU|Duke|33|34|pass-received|0|0|||0|0|126180|842957|Abdul-Malik|Abu|3|1
visitors|Caleb|Martin|2015|2016|3|9|3|Verizon Center|Washington|District of Columbia|NCSU|Duke|33|34|pass-received|0|0|||0|0|126183|842971|Cody|Martin|5|0
visitors|Caleb|Martin|2015|2016|3|9|3|Verizon Center|Washington|District of Columbia|NCSU|Duke|33|34|pass-received|0|0|||0|0|134002|901054|Maverick|Rowan|5|0
visitors|Cody|Martin|2015|2016|3|9|3|Verizon Center|Washington|District of Columbia|NCSU|Duke|37|22|pass-made|120604|740395|Lennard|Freeman|2|0|0|0|||0|0
visitors|Cody|Martin|2015|2016|3|9|3|Verizon Center|Washington|District of Columbia|NCSU|Duke|37|22|pass-made|120605|740396|Beejay|Anya|2|2|0|0|||0|0
visitors|Cody|Martin|2015|2016|3|9|3|Verizon Center|Washington|District of Columbia|NCSU|Duke|37|22|pass-made|120606|740397|Anthony|Barber|23|0|0|0|||0|0
visitors|Cody|Martin|2015|2016|3|9|3|Verizon Center|Washington|District of Columbia|NCSU|Duke|37|22|pass-made|126180|842957|Abdul-Malik|Abu|3|2|0|0|||0|0
visitors|Cody|Martin|2015|2016|3|9|3|Verizon Center|Washington|District of Columbia|NCSU|Duke|37|22|pass-made|126182|842969|Caleb|Martin|5|0|0|0|||0|0
visitors|Cody|Martin|2015|2016|3|9|3|Verizon Center|Washington|District of Columbia|NCSU|Duke|37|22|pass-made|134002|901054|Maverick|Rowan|2|0|0|0|||0|0
visitors|Cody|Martin|2015|2016|3|9|3|Verizon Center|Washington|District of Columbia|NCSU|Duke|37|22|pass-received|0|0|||0|0|120606|740397|Anthony|Barber|14|0
visitors|Cody|Martin|2015|2016|3|9|3|Verizon Center|Washington|District of Columbia|NCSU|Duke|37|22|pass-received|0|0|||0|0|126180|842957|Abdul-Malik|Abu|3|0
visitors|Cody|Martin|2015|2016|3|9|3|Verizon Center|Washington|District of Columbia|NCSU|Duke|37|22|pass-received|0|0|||0|0|126182|842969|Caleb|Martin|3|0
visitors|Cody|Martin|2015|2016|3|9|3|Verizon Center|Washington|District of Columbia|NCSU|Duke|37|22|pass-received|0|0|||0|0|134002|901054|Maverick|Rowan|2|0
visitors|Maverick|Rowan|2015|2016|3|9|3|Verizon Center|Washington|District of Columbia|NCSU|Duke|18|30|pass-made|120606|740397|Anthony|Barber|10|0|0|0|||0|0
visitors|Maverick|Rowan|2015|2016|3|9|3|Verizon Center|Washington|District of Columbia|NCSU|Duke|18|30|pass-made|126180|842957|Abdul-Malik|Abu|1|0|0|0|||0|0
visitors|Maverick|Rowan|2015|2016|3|9|3|Verizon Center|Washington|District of Columbia|NCSU|Duke|18|30|pass-made|126182|842969|Caleb|Martin|5|0|0|0|||0|0
visitors|Maverick|Rowan|2015|2016|3|9|3|Verizon Center|Washington|District of Columbia|NCSU|Duke|18|30|pass-made|126183|842971|Cody|Martin|2|0|0|0|||0|0
visitors|Maverick|Rowan|2015|2016|3|9|3|Verizon Center|Washington|District of Columbia|NCSU|Duke|18|30|pass-received|0|0|||0|0|120605|740396|Beejay|Anya|1|0
visitors|Maverick|Rowan|2015|2016|3|9|3|Verizon Center|Washington|District of Columbia|NCSU|Duke|18|30|pass-received|0|0|||0|0|120606|740397|Anthony|Barber|22|3
visitors|Maverick|Rowan|2015|2016|3|9|3|Verizon Center|Washington|District of Columbia|NCSU|Duke|18|30|pass-received|0|0|||0|0|126180|842957|Abdul-Malik|Abu|3|0
visitors|Maverick|Rowan|2015|2016|3|9|3|Verizon Center|Washington|District of Columbia|NCSU|Duke|18|30|pass-received|0|0|||0|0|126182|842969|Caleb|Martin|2|0
visitors|Maverick|Rowan|2015|2016|3|9|3|Verizon Center|Washington|District of Columbia|NCSU|Duke|18|30|pass-received|0|0|||0|0|126183|842971|Cody|Martin|2|0
visitors|Beejay|Anya|2015|2016|3|9|3|Verizon Center|Washington|District of Columbia|NCSU|Duke|8|6|pass-made|120606|740397|Anthony|Barber|3|0|0|0|||0|0
visitors|Beejay|Anya|2015|2016|3|9|3|Verizon Center|Washington|District of Columbia|NCSU|Duke|8|6|pass-made|126180|842957|Abdul-Malik|Abu|1|0|0|0|||0|0
visitors|Beejay|Anya|2015|2016|3|9|3|Verizon Center|Washington|District of Columbia|NCSU|Duke|8|6|pass-made|126182|842969|Caleb|Martin|3|0|0|0|||0|0
visitors|Beejay|Anya|2015|2016|3|9|3|Verizon Center|Washington|District of Columbia|NCSU|Duke|8|6|pass-made|134002|901054|Maverick|Rowan|1|0|0|0|||0|0
visitors|Beejay|Anya|2015|2016|3|9|3|Verizon Center|Washington|District of Columbia|NCSU|Duke|8|6|pass-received|0|0|||0|0|126180|842957|Abdul-Malik|Abu|1|0
visitors|Beejay|Anya|2015|2016|3|9|3|Verizon Center|Washington|District of Columbia|NCSU|Duke|8|6|pass-received|0|0|||0|0|126182|842969|Caleb|Martin|3|0
visitors|Beejay|Anya|2015|2016|3|9|3|Verizon Center|Washington|District of Columbia|NCSU|Duke|8|6|pass-received|0|0|||0|0|126183|842971|Cody|Martin|2|2
visitors|Lennard|Freeman|2015|2016|3|9|3|Verizon Center|Washington|District of Columbia|NCSU|Duke|4|2|pass-made|120606|740397|Anthony|Barber|4|1|0|0|||0|0
visitors|Lennard|Freeman|2015|2016|3|9|3|Verizon Center|Washington|District of Columbia|NCSU|Duke|4|2|pass-received|0|0|||0|0|126183|842971|Cody|Martin|2|0
visitors|Shaun|Kirk|2015|2016|3|9|3|Verizon Center|Washington|District of Columbia|NCSU|Duke|5|1|pass-made|120606|740397|Anthony|Barber|5|0|0|0|||0|0
visitors|Shaun|Kirk|2015|2016|3|9|3|Verizon Center|Washington|District of Columbia|NCSU|Duke|5|1|pass-received|0|0|||0|0|126180|842957|Abdul-Malik|Abu|1|0
home|Brandon|Ingram|2015|2016|3|9|3|Verizon Center|Washington|District of Columbia|NCSU|Duke|67|59|pass-made|109415|601143|Marshall|Plumlee|2|2|0|0|||0|0
home|Brandon|Ingram|2015|2016|3|9|3|Verizon Center|Washington|District of Columbia|NCSU|Duke|67|59|pass-made|121034|756883|Matt|Jones|10|1|0|0|||0|0
home|Brandon|Ingram|2015|2016|3|9|3|Verizon Center|Washington|District of Columbia|NCSU|Duke|67|59|pass-made|126159|842296|Grayson|Allen|28|1|0|0|||0|0
home|Brandon|Ingram|2015|2016|3|9|3|Verizon Center|Washington|District of Columbia|NCSU|Duke|67|59|pass-made|131407|887658|Chase|Jeter|1|0|0|0|||0|0
home|Brandon|Ingram|2015|2016|3|9|3|Verizon Center|Washington|District of Columbia|NCSU|Duke|67|59|pass-made|131408|887661|Luke|Kennard|6|0|0|0|||0|0
home|Brandon|Ingram|2015|2016|3|9|3|Verizon Center|Washington|District of Columbia|NCSU|Duke|67|59|pass-made|131409|887664|Derryck|Thornton|20|0|0|0|||0|0
home|Brandon|Ingram|2015|2016|3|9|3|Verizon Center|Washington|District of Columbia|NCSU|Duke|67|59|pass-received|0|0|||0|0|109415|601143|Marshall|Plumlee|8|0
home|Brandon|Ingram|2015|2016|3|9|3|Verizon Center|Washington|District of Columbia|NCSU|Duke|67|59|pass-received|0|0|||0|0|121034|756883|Matt|Jones|9|0
home|Brandon|Ingram|2015|2016|3|9|3|Verizon Center|Washington|District of Columbia|NCSU|Duke|67|59|pass-received|0|0|||0|0|126159|842296|Grayson|Allen|24|4
home|Brandon|Ingram|2015|2016|3|9|3|Verizon Center|Washington|District of Columbia|NCSU|Duke|67|59|pass-received|0|0|||0|0|131407|887658|Chase|Jeter|1|0
home|Brandon|Ingram|2015|2016|3|9|3|Verizon Center|Washington|District of Columbia|NCSU|Duke|67|59|pass-received|0|0|||0|0|131408|887661|Luke|Kennard|10|2
home|Brandon|Ingram|2015|2016|3|9|3|Verizon Center|Washington|District of Columbia|NCSU|Duke|67|59|pass-received|0|0|||0|0|131409|887664|Derryck|Thornton|7|0
home|Marshall|Plumlee|2015|2016|3|9|3|Verizon Center|Washington|District of Columbia|NCSU|Duke|17|14|pass-made|126159|842296|Grayson|Allen|4|0|0|0|||0|0
home|Marshall|Plumlee|2015|2016|3|9|3|Verizon Center|Washington|District of Columbia|NCSU|Duke|17|14|pass-made|131408|887661|Luke|Kennard|5|0|0|0|||0|0
home|Marshall|Plumlee|2015|2016|3|9|3|Verizon Center|Washington|District of Columbia|NCSU|Duke|17|14|pass-made|131410|887665|Brandon|Ingram|8|0|0|0|||0|0
home|Marshall|Plumlee|2015|2016|3|9|3|Verizon Center|Washington|District of Columbia|NCSU|Duke|17|14|pass-received|0|0|||0|0|121034|756883|Matt|Jones|5|0
home|Marshall|Plumlee|2015|2016|3|9|3|Verizon Center|Washington|District of Columbia|NCSU|Duke|17|14|pass-received|0|0|||0|0|126159|842296|Grayson|Allen|4|1
home|Marshall|Plumlee|2015|2016|3|9|3|Verizon Center|Washington|District of Columbia|NCSU|Duke|17|14|pass-received|0|0|||0|0|131408|887661|Luke|Kennard|3|1
home|Marshall|Plumlee|2015|2016|3|9|3|Verizon Center|Washington|District of Columbia|NCSU|Duke|17|14|pass-received|0|0|||0|0|131410|887665|Brandon|Ingram|2|2
home|Grayson|Allen|2015|2016|3|9|3|Verizon Center|Washington|District of Columbia|NCSU|Duke|64|74|pass-made|109415|601143|Marshall|Plumlee|4|1|0|0|||0|0
home|Grayson|Allen|2015|2016|3|9|3|Verizon Center|Washington|District of Columbia|NCSU|Duke|64|74|pass-made|121034|756883|Matt|Jones|15|0|0|0|||0|0
home|Grayson|Allen|2015|2016|3|9|3|Verizon Center|Washington|District of Columbia|NCSU|Duke|64|74|pass-made|131407|887658|Chase|Jeter|1|1|0|0|||0|0
home|Grayson|Allen|2015|2016|3|9|3|Verizon Center|Washington|District of Columbia|NCSU|Duke|64|74|pass-made|131408|887661|Luke|Kennard|15|0|0|0|||0|0
home|Grayson|Allen|2015|2016|3|9|3|Verizon Center|Washington|District of Columbia|NCSU|Duke|64|74|pass-made|131409|887664|Derryck|Thornton|5|0|0|0|||0|0
home|Grayson|Allen|2015|2016|3|9|3|Verizon Center|Washington|District of Columbia|NCSU|Duke|64|74|pass-made|131410|887665|Brandon|Ingram|24|4|0|0|||0|0
home|Grayson|Allen|2015|2016|3|9|3|Verizon Center|Washington|District of Columbia|NCSU|Duke|64|74|pass-received|0|0|||0|0|109415|601143|Marshall|Plumlee|4|0
home|Grayson|Allen|2015|2016|3|9|3|Verizon Center|Washington|District of Columbia|NCSU|Duke|64|74|pass-received|0|0|||0|0|121034|756883|Matt|Jones|15|1
home|Grayson|Allen|2015|2016|3|9|3|Verizon Center|Washington|District of Columbia|NCSU|Duke|64|74|pass-received|0|0|||0|0|131408|887661|Luke|Kennard|14|0
home|Grayson|Allen|2015|2016|3|9|3|Verizon Center|Washington|District of Columbia|NCSU|Duke|64|74|pass-received|0|0|||0|0|131409|887664|Derryck|Thornton|13|1
home|Grayson|Allen|2015|2016|3|9|3|Verizon Center|Washington|District of Columbia|NCSU|Duke|64|74|pass-received|0|0|||0|0|131410|887665|Brandon|Ingram|28|1
home|Matt|Jones|2015|2016|3|9|3|Verizon Center|Washington|District of Columbia|NCSU|Duke|38|35|pass-made|109415|601143|Marshall|Plumlee|5|0|0|0|||0|0
home|Matt|Jones|2015|2016|3|9|3|Verizon Center|Washington|District of Columbia|NCSU|Duke|38|35|pass-made|126159|842296|Grayson|Allen|15|1|0|0|||0|0
home|Matt|Jones|2015|2016|3|9|3|Verizon Center|Washington|District of Columbia|NCSU|Duke|38|35|pass-made|131408|887661|Luke|Kennard|8|1|0|0|||0|0
home|Matt|Jones|2015|2016|3|9|3|Verizon Center|Washington|District of Columbia|NCSU|Duke|38|35|pass-made|131409|887664|Derryck|Thornton|1|0|0|0|||0|0
home|Matt|Jones|2015|2016|3|9|3|Verizon Center|Washington|District of Columbia|NCSU|Duke|38|35|pass-made|131410|887665|Brandon|Ingram|9|0|0|0|||0|0
home|Matt|Jones|2015|2016|3|9|3|Verizon Center|Washington|District of Columbia|NCSU|Duke|38|35|pass-received|0|0|||0|0|126159|842296|Grayson|Allen|15|0
home|Matt|Jones|2015|2016|3|9|3|Verizon Center|Washington|District of Columbia|NCSU|Duke|38|35|pass-received|0|0|||0|0|131408|887661|Luke|Kennard|9|0
home|Matt|Jones|2015|2016|3|9|3|Verizon Center|Washington|District of Columbia|NCSU|Duke|38|35|pass-received|0|0|||0|0|131409|887664|Derryck|Thornton|1|0
home|Matt|Jones|2015|2016|3|9|3|Verizon Center|Washington|District of Columbia|NCSU|Duke|38|35|pass-received|0|0|||0|0|131410|887665|Brandon|Ingram|10|1
home|Luke|Kennard|2015|2016|3|9|3|Verizon Center|Washington|District of Columbia|NCSU|Duke|40|45|pass-made|109415|601143|Marshall|Plumlee|3|1|0|0|||0|0
home|Luke|Kennard|2015|2016|3|9|3|Verizon Center|Washington|District of Columbia|NCSU|Duke|40|45|pass-made|121034|756883|Matt|Jones|9|0|0|0|||0|0
home|Luke|Kennard|2015|2016|3|9|3|Verizon Center|Washington|District of Columbia|NCSU|Duke|40|45|pass-made|126159|842296|Grayson|Allen|14|0|0|0|||0|0
home|Luke|Kennard|2015|2016|3|9|3|Verizon Center|Washington|District of Columbia|NCSU|Duke|40|45|pass-made|131409|887664|Derryck|Thornton|4|0|0|0|||0|0
home|Luke|Kennard|2015|2016|3|9|3|Verizon Center|Washington|District of Columbia|NCSU|Duke|40|45|pass-made|131410|887665|Brandon|Ingram|10|2|0|0|||0|0
home|Luke|Kennard|2015|2016|3|9|3|Verizon Center|Washington|District of Columbia|NCSU|Duke|40|45|pass-received|0|0|||0|0|109415|601143|Marshall|Plumlee|5|0
home|Luke|Kennard|2015|2016|3|9|3|Verizon Center|Washington|District of Columbia|NCSU|Duke|40|45|pass-received|0|0|||0|0|121034|756883|Matt|Jones|8|1
home|Luke|Kennard|2015|2016|3|9|3|Verizon Center|Washington|District of Columbia|NCSU|Duke|40|45|pass-received|0|0|||0|0|126159|842296|Grayson|Allen|15|0
home|Luke|Kennard|2015|2016|3|9|3|Verizon Center|Washington|District of Columbia|NCSU|Duke|40|45|pass-received|0|0|||0|0|131409|887664|Derryck|Thornton|11|2
home|Luke|Kennard|2015|2016|3|9|3|Verizon Center|Washington|District of Columbia|NCSU|Duke|40|45|pass-received|0|0|||0|0|131410|887665|Brandon|Ingram|6|0
home|Chase|Jeter|2015|2016|3|9|3|Verizon Center|Washington|District of Columbia|NCSU|Duke|2|2|pass-made|131409|887664|Derryck|Thornton|1|0|0|0|||0|0
home|Chase|Jeter|2015|2016|3|9|3|Verizon Center|Washington|District of Columbia|NCSU|Duke|2|2|pass-made|131410|887665|Brandon|Ingram|1|0|0|0|||0|0
home|Chase|Jeter|2015|2016|3|9|3|Verizon Center|Washington|District of Columbia|NCSU|Duke|2|2|pass-received|0|0|||0|0|126159|842296|Grayson|Allen|1|1
home|Chase|Jeter|2015|2016|3|9|3|Verizon Center|Washington|District of Columbia|NCSU|Duke|2|2|pass-received|0|0|||0|0|131410|887665|Brandon|Ingram|1|0
home|Derryck|Thornton|2015|2016|3|9|3|Verizon Center|Washington|District of Columbia|NCSU|Duke|34|31|pass-made|121034|756883|Matt|Jones|1|0|0|0|||0|0
home|Derryck|Thornton|2015|2016|3|9|3|Verizon Center|Washington|District of Columbia|NCSU|Duke|34|31|pass-made|126159|842296|Grayson|Allen|13|1|0|0|||0|0
home|Derryck|Thornton|2015|2016|3|9|3|Verizon Center|Washington|District of Columbia|NCSU|Duke|34|31|pass-made|131408|887661|Luke|Kennard|11|2|0|0|||0|0
home|Derryck|Thornton|2015|2016|3|9|3|Verizon Center|Washington|District of Columbia|NCSU|Duke|34|31|pass-made|131410|887665|Brandon|Ingram|7|0|0|0|||0|0
home|Derryck|Thornton|2015|2016|3|9|3|Verizon Center|Washington|District of Columbia|NCSU|Duke|34|31|pass-received|0|0|||0|0|121034|756883|Matt|Jones|1|0
home|Derryck|Thornton|2015|2016|3|9|3|Verizon Center|Washington|District of Columbia|NCSU|Duke|34|31|pass-received|0|0|||0|0|126159|842296|Grayson|Allen|5|0
home|Derryck|Thornton|2015|2016|3|9|3|Verizon Center|Washington|District of Columbia|NCSU|Duke|34|31|pass-received|0|0|||0|0|131407|887658|Chase|Jeter|1|0
home|Derryck|Thornton|2015|2016|3|9|3|Verizon Center|Washington|District of Columbia|NCSU|Duke|34|31|pass-received|0|0|||0|0|131408|887661|Luke|Kennard|4|0
home|Derryck|Thornton|2015|2016|3|9|3|Verizon Center|Washington|District of Columbia|NCSU|Duke|34|31|pass-received|0|0|||0|0|131410|887665|Brandon|Ingram|20|0
visitors|Justin|Jackson|2015|2016|3|5|6|Cameron Indoor Stadium|Durham|North Carolina|UNC|Duke|34|46|pass-made|116587|697021|Marcus|Paige|7|1|0|0|||0|0
visitors|Justin|Jackson|2015|2016|3|5|6|Cameron Indoor Stadium|Durham|North Carolina|UNC|Duke|34|46|pass-made|116588|697023|Brice|Johnson|3|1|0|0|||0|0
visitors|Justin|Jackson|2015|2016|3|5|6|Cameron Indoor Stadium|Durham|North Carolina|UNC|Duke|34|46|pass-made|121344|792298|Nate|Britt|1|0|0|0|||0|0
visitors|Justin|Jackson|2015|2016|3|5|6|Cameron Indoor Stadium|Durham|North Carolina|UNC|Duke|34|46|pass-made|121345|792299|Kennedy|Meeks|6|0|0|0|||0|0
visitors|Justin|Jackson|2015|2016|3|5|6|Cameron Indoor Stadium|Durham|North Carolina|UNC|Duke|34|46|pass-made|121346|792300|Isaiah|Hicks|2|0|0|0|||0|0
visitors|Justin|Jackson|2015|2016|3|5|6|Cameron Indoor Stadium|Durham|North Carolina|UNC|Duke|34|46|pass-made|126177|842910|Theo|Pinson|4|0|0|0|||0|0
visitors|Justin|Jackson|2015|2016|3|5|6|Cameron Indoor Stadium|Durham|North Carolina|UNC|Duke|34|46|pass-made|126178|842911|Joel|Berry II|11|0|0|0|||0|0
visitors|Justin|Jackson|2015|2016|3|5|6|Cameron Indoor Stadium|Durham|North Carolina|UNC|Duke|34|46|pass-received|0|0|||0|0|116587|697021|Marcus|Paige|12|1
visitors|Justin|Jackson|2015|2016|3|5|6|Cameron Indoor Stadium|Durham|North Carolina|UNC|Duke|34|46|pass-received|0|0|||0|0|116588|697023|Brice|Johnson|2|0
visitors|Justin|Jackson|2015|2016|3|5|6|Cameron Indoor Stadium|Durham|North Carolina|UNC|Duke|34|46|pass-received|0|0|||0|0|121344|792298|Nate|Britt|8|0
visitors|Justin|Jackson|2015|2016|3|5|6|Cameron Indoor Stadium|Durham|North Carolina|UNC|Duke|34|46|pass-received|0|0|||0|0|121345|792299|Kennedy|Meeks|3|1
visitors|Justin|Jackson|2015|2016|3|5|6|Cameron Indoor Stadium|Durham|North Carolina|UNC|Duke|34|46|pass-received|0|0|||0|0|126177|842910|Theo|Pinson|8|1
visitors|Justin|Jackson|2015|2016|3|5|6|Cameron Indoor Stadium|Durham|North Carolina|UNC|Duke|34|46|pass-received|0|0|||0|0|126178|842911|Joel|Berry II|13|0
visitors|Brice|Johnson|2015|2016|3|5|6|Cameron Indoor Stadium|Durham|North Carolina|UNC|Duke|41|29|pass-made|116587|697021|Marcus|Paige|12|0|0|0|||0|0
visitors|Brice|Johnson|2015|2016|3|5|6|Cameron Indoor Stadium|Durham|North Carolina|UNC|Duke|41|29|pass-made|121344|792298|Nate|Britt|4|0|0|0|||0|0
visitors|Brice|Johnson|2015|2016|3|5|6|Cameron Indoor Stadium|Durham|North Carolina|UNC|Duke|41|29|pass-made|121345|792299|Kennedy|Meeks|2|1|0|0|||0|0
visitors|Brice|Johnson|2015|2016|3|5|6|Cameron Indoor Stadium|Durham|North Carolina|UNC|Duke|41|29|pass-made|121346|792300|Isaiah|Hicks|1|1|0|0|||0|0
visitors|Brice|Johnson|2015|2016|3|5|6|Cameron Indoor Stadium|Durham|North Carolina|UNC|Duke|41|29|pass-made|126177|842910|Theo|Pinson|1|0|0|0|||0|0
visitors|Brice|Johnson|2015|2016|3|5|6|Cameron Indoor Stadium|Durham|North Carolina|UNC|Duke|41|29|pass-made|126178|842911|Joel|Berry II|19|0|0|0|||0|0
visitors|Brice|Johnson|2015|2016|3|5|6|Cameron Indoor Stadium|Durham|North Carolina|UNC|Duke|41|29|pass-made|126179|842955|Justin|Jackson|2|0|0|0|||0|0
visitors|Brice|Johnson|2015|2016|3|5|6|Cameron Indoor Stadium|Durham|North Carolina|UNC|Duke|41|29|pass-received|0|0|||0|0|116587|697021|Marcus|Paige|10|1
visitors|Brice|Johnson|2015|2016|3|5|6|Cameron Indoor Stadium|Durham|North Carolina|UNC|Duke|41|29|pass-received|0|0|||0|0|126177|842910|Theo|Pinson|4|1
visitors|Brice|Johnson|2015|2016|3|5|6|Cameron Indoor Stadium|Durham|North Carolina|UNC|Duke|41|29|pass-received|0|0|||0|0|126178|842911|Joel|Berry II|12|0
visitors|Brice|Johnson|2015|2016|3|5|6|Cameron Indoor Stadium|Durham|North Carolina|UNC|Duke|41|29|pass-received|0|0|||0|0|126179|842955|Justin|Jackson|3|1
visitors|Kennedy|Meeks|2015|2016|3|5|6|Cameron Indoor Stadium|Durham|North Carolina|UNC|Duke|28|19|pass-made|116587|697021|Marcus|Paige|2|0|0|0|||0|0
visitors|Kennedy|Meeks|2015|2016|3|5|6|Cameron Indoor Stadium|Durham|North Carolina|UNC|Duke|28|19|pass-made|121344|792298|Nate|Britt|2|0|0|0|||0|0
visitors|Kennedy|Meeks|2015|2016|3|5|6|Cameron Indoor Stadium|Durham|North Carolina|UNC|Duke|28|19|pass-made|126178|842911|Joel|Berry II|21|0|0|0|||0|0
visitors|Kennedy|Meeks|2015|2016|3|5|6|Cameron Indoor Stadium|Durham|North Carolina|UNC|Duke|28|19|pass-made|126179|842955|Justin|Jackson|3|1|0|0|||0|0
visitors|Kennedy|Meeks|2015|2016|3|5|6|Cameron Indoor Stadium|Durham|North Carolina|UNC|Duke|28|19|pass-received|0|0|||0|0|116587|697021|Marcus|Paige|4|1
visitors|Kennedy|Meeks|2015|2016|3|5|6|Cameron Indoor Stadium|Durham|North Carolina|UNC|Duke|28|19|pass-received|0|0|||0|0|116588|697023|Brice|Johnson|2|1
visitors|Kennedy|Meeks|2015|2016|3|5|6|Cameron Indoor Stadium|Durham|North Carolina|UNC|Duke|28|19|pass-received|0|0|||0|0|121344|792298|Nate|Britt|3|2
visitors|Kennedy|Meeks|2015|2016|3|5|6|Cameron Indoor Stadium|Durham|North Carolina|UNC|Duke|28|19|pass-received|0|0|||0|0|126177|842910|Theo|Pinson|1|0
visitors|Kennedy|Meeks|2015|2016|3|5|6|Cameron Indoor Stadium|Durham|North Carolina|UNC|Duke|28|19|pass-received|0|0|||0|0|126178|842911|Joel|Berry II|3|0
visitors|Kennedy|Meeks|2015|2016|3|5|6|Cameron Indoor Stadium|Durham|North Carolina|UNC|Duke|28|19|pass-received|0|0|||0|0|126179|842955|Justin|Jackson|6|0
visitors|Joel|Berry II|2015|2016|3|5|6|Cameron Indoor Stadium|Durham|North Carolina|UNC|Duke|90|93|pass-made|116587|697021|Marcus|Paige|32|0|0|0|||0|0
visitors|Joel|Berry II|2015|2016|3|5|6|Cameron Indoor Stadium|Durham|North Carolina|UNC|Duke|90|93|pass-made|116588|697023|Brice|Johnson|12|0|0|0|||0|0
visitors|Joel|Berry II|2015|2016|3|5|6|Cameron Indoor Stadium|Durham|North Carolina|UNC|Duke|90|93|pass-made|121344|792298|Nate|Britt|13|0|0|0|||0|0
visitors|Joel|Berry II|2015|2016|3|5|6|Cameron Indoor Stadium|Durham|North Carolina|UNC|Duke|90|93|pass-made|121345|792299|Kennedy|Meeks|3|0|0|0|||0|0
visitors|Joel|Berry II|2015|2016|3|5|6|Cameron Indoor Stadium|Durham|North Carolina|UNC|Duke|90|93|pass-made|121346|792300|Isaiah|Hicks|2|0|0|0|||0|0
visitors|Joel|Berry II|2015|2016|3|5|6|Cameron Indoor Stadium|Durham|North Carolina|UNC|Duke|90|93|pass-made|126177|842910|Theo|Pinson|15|0|0|0|||0|0
visitors|Joel|Berry II|2015|2016|3|5|6|Cameron Indoor Stadium|Durham|North Carolina|UNC|Duke|90|93|pass-made|126179|842955|Justin|Jackson|13|0|0|0|||0|0
visitors|Joel|Berry II|2015|2016|3|5|6|Cameron Indoor Stadium|Durham|North Carolina|UNC|Duke|90|93|pass-received|0|0|||0|0|116587|697021|Marcus|Paige|18|0
visitors|Joel|Berry II|2015|2016|3|5|6|Cameron Indoor Stadium|Durham|North Carolina|UNC|Duke|90|93|pass-received|0|0|||0|0|116588|697023|Brice|Johnson|19|0
visitors|Joel|Berry II|2015|2016|3|5|6|Cameron Indoor Stadium|Durham|North Carolina|UNC|Duke|90|93|pass-received|0|0|||0|0|121344|792298|Nate|Britt|7|1
visitors|Joel|Berry II|2015|2016|3|5|6|Cameron Indoor Stadium|Durham|North Carolina|UNC|Duke|90|93|pass-received|0|0|||0|0|121345|792299|Kennedy|Meeks|21|0
visitors|Joel|Berry II|2015|2016|3|5|6|Cameron Indoor Stadium|Durham|North Carolina|UNC|Duke|90|93|pass-received|0|0|||0|0|121346|792300|Isaiah|Hicks|5|0
visitors|Joel|Berry II|2015|2016|3|5|6|Cameron Indoor Stadium|Durham|North Carolina|UNC|Duke|90|93|pass-received|0|0|||0|0|126177|842910|Theo|Pinson|12|1
visitors|Joel|Berry II|2015|2016|3|5|6|Cameron Indoor Stadium|Durham|North Carolina|UNC|Duke|90|93|pass-received|0|0|||0|0|126179|842955|Justin|Jackson|11|0
visitors|Marcus|Paige|2015|2016|3|5|6|Cameron Indoor Stadium|Durham|North Carolina|UNC|Duke|62|69|pass-made|116588|697023|Brice|Johnson|10|1|0|0|||0|0
visitors|Marcus|Paige|2015|2016|3|5|6|Cameron Indoor Stadium|Durham|North Carolina|UNC|Duke|62|69|pass-made|121344|792298|Nate|Britt|6|0|0|0|||0|0
visitors|Marcus|Paige|2015|2016|3|5|6|Cameron Indoor Stadium|Durham|North Carolina|UNC|Duke|62|69|pass-made|121345|792299|Kennedy|Meeks|4|1|0|0|||0|0
visitors|Marcus|Paige|2015|2016|3|5|6|Cameron Indoor Stadium|Durham|North Carolina|UNC|Duke|62|69|pass-made|121346|792300|Isaiah|Hicks|2|0|0|0|||0|0
visitors|Marcus|Paige|2015|2016|3|5|6|Cameron Indoor Stadium|Durham|North Carolina|UNC|Duke|62|69|pass-made|126177|842910|Theo|Pinson|10|0|0|0|||0|0
visitors|Marcus|Paige|2015|2016|3|5|6|Cameron Indoor Stadium|Durham|North Carolina|UNC|Duke|62|69|pass-made|126178|842911|Joel|Berry II|18|0|0|0|||0|0
visitors|Marcus|Paige|2015|2016|3|5|6|Cameron Indoor Stadium|Durham|North Carolina|UNC|Duke|62|69|pass-made|126179|842955|Justin|Jackson|12|1|0|0|||0|0
visitors|Marcus|Paige|2015|2016|3|5|6|Cameron Indoor Stadium|Durham|North Carolina|UNC|Duke|62|69|pass-received|0|0|||0|0|116588|697023|Brice|Johnson|12|0
visitors|Marcus|Paige|2015|2016|3|5|6|Cameron Indoor Stadium|Durham|North Carolina|UNC|Duke|62|69|pass-received|0|0|||0|0|121344|792298|Nate|Britt|4|0
visitors|Marcus|Paige|2015|2016|3|5|6|Cameron Indoor Stadium|Durham|North Carolina|UNC|Duke|62|69|pass-received|0|0|||0|0|121345|792299|Kennedy|Meeks|2|0
visitors|Marcus|Paige|2015|2016|3|5|6|Cameron Indoor Stadium|Durham|North Carolina|UNC|Duke|62|69|pass-received|0|0|||0|0|121346|792300|Isaiah|Hicks|1|0
visitors|Marcus|Paige|2015|2016|3|5|6|Cameron Indoor Stadium|Durham|North Carolina|UNC|Duke|62|69|pass-received|0|0|||0|0|126177|842910|Theo|Pinson|11|1
visitors|Marcus|Paige|2015|2016|3|5|6|Cameron Indoor Stadium|Durham|North Carolina|UNC|Duke|62|69|pass-received|0|0|||0|0|126178|842911|Joel|Berry II|32|0
visitors|Marcus|Paige|2015|2016|3|5|6|Cameron Indoor Stadium|Durham|North Carolina|UNC|Duke|62|69|pass-received|0|0|||0|0|126179|842955|Justin|Jackson|7|1
visitors|Nate|Britt|2015|2016|3|5|6|Cameron Indoor Stadium|Durham|North Carolina|UNC|Duke|30|29|pass-made|116587|697021|Marcus|Paige|4|0|0|0|||0|0
visitors|Nate|Britt|2015|2016|3|5|6|Cameron Indoor Stadium|Durham|North Carolina|UNC|Duke|30|29|pass-made|121345|792299|Kennedy|Meeks|3|2|0|0|||0|0
visitors|Nate|Britt|2015|2016|3|5|6|Cameron Indoor Stadium|Durham|North Carolina|UNC|Duke|30|29|pass-made|126177|842910|Theo|Pinson|8|0|0|0|||0|0
visitors|Nate|Britt|2015|2016|3|5|6|Cameron Indoor Stadium|Durham|North Carolina|UNC|Duke|30|29|pass-made|126178|842911|Joel|Berry II|7|1|0|0|||0|0
visitors|Nate|Britt|2015|2016|3|5|6|Cameron Indoor Stadium|Durham|North Carolina|UNC|Duke|30|29|pass-made|126179|842955|Justin|Jackson|8|0|0|0|||0|0
visitors|Nate|Britt|2015|2016|3|5|6|Cameron Indoor Stadium|Durham|North Carolina|UNC|Duke|30|29|pass-received|0|0|||0|0|116587|697021|Marcus|Paige|6|0
visitors|Nate|Britt|2015|2016|3|5|6|Cameron Indoor Stadium|Durham|North Carolina|UNC|Duke|30|29|pass-received|0|0|||0|0|116588|697023|Brice|Johnson|4|0
visitors|Nate|Britt|2015|2016|3|5|6|Cameron Indoor Stadium|Durham|North Carolina|UNC|Duke|30|29|pass-received|0|0|||0|0|121345|792299|Kennedy|Meeks|2|0
visitors|Nate|Britt|2015|2016|3|5|6|Cameron Indoor Stadium|Durham|North Carolina|UNC|Duke|30|29|pass-received|0|0|||0|0|121346|792300|Isaiah|Hicks|1|0
visitors|Nate|Britt|2015|2016|3|5|6|Cameron Indoor Stadium|Durham|North Carolina|UNC|Duke|30|29|pass-received|0|0|||0|0|126177|842910|Theo|Pinson|2|0
visitors|Nate|Britt|2015|2016|3|5|6|Cameron Indoor Stadium|Durham|North Carolina|UNC|Duke|30|29|pass-received|0|0|||0|0|126178|842911|Joel|Berry II|13|0
visitors|Nate|Britt|2015|2016|3|5|6|Cameron Indoor Stadium|Durham|North Carolina|UNC|Duke|30|29|pass-received|0|0|||0|0|126179|842955|Justin|Jackson|1|0
visitors|Isaiah|Hicks|2015|2016|3|5|6|Cameron Indoor Stadium|Durham|North Carolina|UNC|Duke|7|10|pass-made|116587|697021|Marcus|Paige|1|0|0|0|||0|0
visitors|Isaiah|Hicks|2015|2016|3|5|6|Cameron Indoor Stadium|Durham|North Carolina|UNC|Duke|7|10|pass-made|121344|792298|Nate|Britt|1|0|0|0|||0|0
visitors|Isaiah|Hicks|2015|2016|3|5|6|Cameron Indoor Stadium|Durham|North Carolina|UNC|Duke|7|10|pass-made|126178|842911|Joel|Berry II|5|0|0|0|||0|0
visitors|Isaiah|Hicks|2015|2016|3|5|6|Cameron Indoor Stadium|Durham|North Carolina|UNC|Duke|7|10|pass-received|0|0|||0|0|116587|697021|Marcus|Paige|2|0
visitors|Isaiah|Hicks|2015|2016|3|5|6|Cameron Indoor Stadium|Durham|North Carolina|UNC|Duke|7|10|pass-received|0|0|||0|0|116588|697023|Brice|Johnson|1|1
visitors|Isaiah|Hicks|2015|2016|3|5|6|Cameron Indoor Stadium|Durham|North Carolina|UNC|Duke|7|10|pass-received|0|0|||0|0|126177|842910|Theo|Pinson|3|0
visitors|Isaiah|Hicks|2015|2016|3|5|6|Cameron Indoor Stadium|Durham|North Carolina|UNC|Duke|7|10|pass-received|0|0|||0|0|126178|842911|Joel|Berry II|2|0
visitors|Isaiah|Hicks|2015|2016|3|5|6|Cameron Indoor Stadium|Durham|North Carolina|UNC|Duke|7|10|pass-received|0|0|||0|0|126179|842955|Justin|Jackson|2|0
visitors|Theo|Pinson|2015|2016|3|5|6|Cameron Indoor Stadium|Durham|North Carolina|UNC|Duke|41|38|pass-made|116587|697021|Marcus|Paige|11|1|0|0|||0|0
visitors|Theo|Pinson|2015|2016|3|5|6|Cameron Indoor Stadium|Durham|North Carolina|UNC|Duke|41|38|pass-made|116588|697023|Brice|Johnson|4|1|0|0|||0|0
visitors|Theo|Pinson|2015|2016|3|5|6|Cameron Indoor Stadium|Durham|North Carolina|UNC|Duke|41|38|pass-made|121344|792298|Nate|Britt|2|0|0|0|||0|0
visitors|Theo|Pinson|2015|2016|3|5|6|Cameron Indoor Stadium|Durham|North Carolina|UNC|Duke|41|38|pass-made|121345|792299|Kennedy|Meeks|1|0|0|0|||0|0
visitors|Theo|Pinson|2015|2016|3|5|6|Cameron Indoor Stadium|Durham|North Carolina|UNC|Duke|41|38|pass-made|121346|792300|Isaiah|Hicks|3|0|0|0|||0|0
visitors|Theo|Pinson|2015|2016|3|5|6|Cameron Indoor Stadium|Durham|North Carolina|UNC|Duke|41|38|pass-made|126178|842911|Joel|Berry II|12|1|0|0|||0|0
visitors|Theo|Pinson|2015|2016|3|5|6|Cameron Indoor Stadium|Durham|North Carolina|UNC|Duke|41|38|pass-made|126179|842955|Justin|Jackson|8|1|0|0|||0|0
visitors|Theo|Pinson|2015|2016|3|5|6|Cameron Indoor Stadium|Durham|North Carolina|UNC|Duke|41|38|pass-received|0|0|||0|0|116587|697021|Marcus|Paige|10|0
visitors|Theo|Pinson|2015|2016|3|5|6|Cameron Indoor Stadium|Durham|North Carolina|UNC|Duke|41|38|pass-received|0|0|||0|0|116588|697023|Brice|Johnson|1|0
visitors|Theo|Pinson|2015|2016|3|5|6|Cameron Indoor Stadium|Durham|North Carolina|UNC|Duke|41|38|pass-received|0|0|||0|0|121344|792298|Nate|Britt|8|0
visitors|Theo|Pinson|2015|2016|3|5|6|Cameron Indoor Stadium|Durham|North Carolina|UNC|Duke|41|38|pass-received|0|0|||0|0|126178|842911|Joel|Berry II|15|0
visitors|Theo|Pinson|2015|2016|3|5|6|Cameron Indoor Stadium|Durham|North Carolina|UNC|Duke|41|38|pass-received|0|0|||0|0|126179|842955|Justin|Jackson|4|0
home|Brandon|Ingram|2015|2016|3|5|6|Cameron Indoor Stadium|Durham|North Carolina|UNC|Duke|47|35|pass-made|109415|601143|Marshall|Plumlee|1|0|0|0|||0|0
home|Brandon|Ingram|2015|2016|3|5|6|Cameron Indoor Stadium|Durham|North Carolina|UNC|Duke|47|35|pass-made|121034|756883|Matt|Jones|8|0|0|0|||0|0
home|Brandon|Ingram|2015|2016|3|5|6|Cameron Indoor Stadium|Durham|North Carolina|UNC|Duke|47|35|pass-made|126159|842296|Grayson|Allen|22|1|0|0|||0|0
home|Brandon|Ingram|2015|2016|3|5|6|Cameron Indoor Stadium|Durham|North Carolina|UNC|Duke|47|35|pass-made|131408|887661|Luke|Kennard|4|0|0|0|||0|0
home|Brandon|Ingram|2015|2016|3|5|6|Cameron Indoor Stadium|Durham|North Carolina|UNC|Duke|47|35|pass-made|131409|887664|Derryck|Thornton|12|0|0|0|||0|0
home|Brandon|Ingram|2015|2016|3|5|6|Cameron Indoor Stadium|Durham|North Carolina|UNC|Duke|47|35|pass-received|0|0|||0|0|109415|601143|Marshall|Plumlee|1|0
home|Brandon|Ingram|2015|2016|3|5|6|Cameron Indoor Stadium|Durham|North Carolina|UNC|Duke|47|35|pass-received|0|0|||0|0|121034|756883|Matt|Jones|9|0
home|Brandon|Ingram|2015|2016|3|5|6|Cameron Indoor Stadium|Durham|North Carolina|UNC|Duke|47|35|pass-received|0|0|||0|0|126159|842296|Grayson|Allen|12|0
home|Brandon|Ingram|2015|2016|3|5|6|Cameron Indoor Stadium|Durham|North Carolina|UNC|Duke|47|35|pass-received|0|0|||0|0|131408|887661|Luke|Kennard|7|1
home|Brandon|Ingram|2015|2016|3|5|6|Cameron Indoor Stadium|Durham|North Carolina|UNC|Duke|47|35|pass-received|0|0|||0|0|131409|887664|Derryck|Thornton|6|0
home|Marshall|Plumlee|2015|2016|3|5|6|Cameron Indoor Stadium|Durham|North Carolina|UNC|Duke|20|14|pass-made|121034|756883|Matt|Jones|5|0|0|0|||0|0
home|Marshall|Plumlee|2015|2016|3|5|6|Cameron Indoor Stadium|Durham|North Carolina|UNC|Duke|20|14|pass-made|126159|842296|Grayson|Allen|8|1|0|0|||0|0
home|Marshall|Plumlee|2015|2016|3|5|6|Cameron Indoor Stadium|Durham|North Carolina|UNC|Duke|20|14|pass-made|131408|887661|Luke|Kennard|3|0|0|0|||0|0
home|Marshall|Plumlee|2015|2016|3|5|6|Cameron Indoor Stadium|Durham|North Carolina|UNC|Duke|20|14|pass-made|131409|887664|Derryck|Thornton|3|0|0|0|||0|0
home|Marshall|Plumlee|2015|2016|3|5|6|Cameron Indoor Stadium|Durham|North Carolina|UNC|Duke|20|14|pass-made|131410|887665|Brandon|Ingram|1|0|0|0|||0|0
home|Marshall|Plumlee|2015|2016|3|5|6|Cameron Indoor Stadium|Durham|North Carolina|UNC|Duke|20|14|pass-received|0|0|||0|0|121034|756883|Matt|Jones|3|0
home|Marshall|Plumlee|2015|2016|3|5|6|Cameron Indoor Stadium|Durham|North Carolina|UNC|Duke|20|14|pass-received|0|0|||0|0|126159|842296|Grayson|Allen|2|0
home|Marshall|Plumlee|2015|2016|3|5|6|Cameron Indoor Stadium|Durham|North Carolina|UNC|Duke|20|14|pass-received|0|0|||0|0|131408|887661|Luke|Kennard|2|0
home|Marshall|Plumlee|2015|2016|3|5|6|Cameron Indoor Stadium|Durham|North Carolina|UNC|Duke|20|14|pass-received|0|0|||0|0|131409|887664|Derryck|Thornton|6|0
home|Marshall|Plumlee|2015|2016|3|5|6|Cameron Indoor Stadium|Durham|North Carolina|UNC|Duke|20|14|pass-received|0|0|||0|0|131410|887665|Brandon|Ingram|1|0
home|Grayson|Allen|2015|2016|3|5|6|Cameron Indoor Stadium|Durham|North Carolina|UNC|Duke|55|72|pass-made|109415|601143|Marshall|Plumlee|2|0|0|0|||0|0
home|Grayson|Allen|2015|2016|3|5|6|Cameron Indoor Stadium|Durham|North Carolina|UNC|Duke|55|72|pass-made|121034|756883|Matt|Jones|18|1|0|0|||0|0
home|Grayson|Allen|2015|2016|3|5|6|Cameron Indoor Stadium|Durham|North Carolina|UNC|Duke|55|72|pass-made|131408|887661|Luke|Kennard|16|3|0|0|||0|0
home|Grayson|Allen|2015|2016|3|5|6|Cameron Indoor Stadium|Durham|North Carolina|UNC|Duke|55|72|pass-made|131409|887664|Derryck|Thornton|6|1|0|0|||0|0
home|Grayson|Allen|2015|2016|3|5|6|Cameron Indoor Stadium|Durham|North Carolina|UNC|Duke|55|72|pass-made|131410|887665|Brandon|Ingram|12|0|0|0|||0|0
home|Grayson|Allen|2015|2016|3|5|6|Cameron Indoor Stadium|Durham|North Carolina|UNC|Duke|55|72|pass-received|0|0|||0|0|109415|601143|Marshall|Plumlee|8|1
home|Grayson|Allen|2015|2016|3|5|6|Cameron Indoor Stadium|Durham|North Carolina|UNC|Duke|55|72|pass-received|0|0|||0|0|121034|756883|Matt|Jones|20|1
home|Grayson|Allen|2015|2016|3|5|6|Cameron Indoor Stadium|Durham|North Carolina|UNC|Duke|55|72|pass-received|0|0|||0|0|131407|887658|Chase|Jeter|1|0
home|Grayson|Allen|2015|2016|3|5|6|Cameron Indoor Stadium|Durham|North Carolina|UNC|Duke|55|72|pass-received|0|0|||0|0|131408|887661|Luke|Kennard|11|1
home|Grayson|Allen|2015|2016|3|5|6|Cameron Indoor Stadium|Durham|North Carolina|UNC|Duke|55|72|pass-received|0|0|||0|0|131409|887664|Derryck|Thornton|10|0
home|Grayson|Allen|2015|2016|3|5|6|Cameron Indoor Stadium|Durham|North Carolina|UNC|Duke|55|72|pass-received|0|0|||0|0|131410|887665|Brandon|Ingram|22|1
home|Matt|Jones|2015|2016|3|5|6|Cameron Indoor Stadium|Durham|North Carolina|UNC|Duke|52|43|pass-made|109415|601143|Marshall|Plumlee|3|0|0|0|||0|0
home|Matt|Jones|2015|2016|3|5|6|Cameron Indoor Stadium|Durham|North Carolina|UNC|Duke|52|43|pass-made|126159|842296|Grayson|Allen|20|1|0|0|||0|0
home|Matt|Jones|2015|2016|3|5|6|Cameron Indoor Stadium|Durham|North Carolina|UNC|Duke|52|43|pass-made|131408|887661|Luke|Kennard|13|1|0|0|||0|0
home|Matt|Jones|2015|2016|3|5|6|Cameron Indoor Stadium|Durham|North Carolina|UNC|Duke|52|43|pass-made|131409|887664|Derryck|Thornton|7|0|0|0|||0|0
home|Matt|Jones|2015|2016|3|5|6|Cameron Indoor Stadium|Durham|North Carolina|UNC|Duke|52|43|pass-made|131410|887665|Brandon|Ingram|9|0|0|0|||0|0
home|Matt|Jones|2015|2016|3|5|6|Cameron Indoor Stadium|Durham|North Carolina|UNC|Duke|52|43|pass-received|0|0|||0|0|109415|601143|Marshall|Plumlee|5|0
home|Matt|Jones|2015|2016|3|5|6|Cameron Indoor Stadium|Durham|North Carolina|UNC|Duke|52|43|pass-received|0|0|||0|0|126159|842296|Grayson|Allen|18|1
home|Matt|Jones|2015|2016|3|5|6|Cameron Indoor Stadium|Durham|North Carolina|UNC|Duke|52|43|pass-received|0|0|||0|0|131408|887661|Luke|Kennard|6|0
home|Matt|Jones|2015|2016|3|5|6|Cameron Indoor Stadium|Durham|North Carolina|UNC|Duke|52|43|pass-received|0|0|||0|0|131409|887664|Derryck|Thornton|6|0
home|Matt|Jones|2015|2016|3|5|6|Cameron Indoor Stadium|Durham|North Carolina|UNC|Duke|52|43|pass-received|0|0|||0|0|131410|887665|Brandon|Ingram|8|0
home|Derryck|Thornton|2015|2016|3|5|6|Cameron Indoor Stadium|Durham|North Carolina|UNC|Duke|35|34|pass-made|109415|601143|Marshall|Plumlee|6|0|0|0|||0|0
home|Derryck|Thornton|2015|2016|3|5|6|Cameron Indoor Stadium|Durham|North Carolina|UNC|Duke|35|34|pass-made|121034|756883|Matt|Jones|6|0|0|0|||0|0
home|Derryck|Thornton|2015|2016|3|5|6|Cameron Indoor Stadium|Durham|North Carolina|UNC|Duke|35|34|pass-made|126159|842296|Grayson|Allen|10|0|0|0|||0|0
home|Derryck|Thornton|2015|2016|3|5|6|Cameron Indoor Stadium|Durham|North Carolina|UNC|Duke|35|34|pass-made|131408|887661|Luke|Kennard|7|0|0|0|||0|0
home|Derryck|Thornton|2015|2016|3|5|6|Cameron Indoor Stadium|Durham|North Carolina|UNC|Duke|35|34|pass-made|131410|887665|Brandon|Ingram|6|0|0|0|||0|0
home|Derryck|Thornton|2015|2016|3|5|6|Cameron Indoor Stadium|Durham|North Carolina|UNC|Duke|35|34|pass-received|0|0|||0|0|109415|601143|Marshall|Plumlee|3|0
home|Derryck|Thornton|2015|2016|3|5|6|Cameron Indoor Stadium|Durham|North Carolina|UNC|Duke|35|34|pass-received|0|0|||0|0|121034|756883|Matt|Jones|7|0
home|Derryck|Thornton|2015|2016|3|5|6|Cameron Indoor Stadium|Durham|North Carolina|UNC|Duke|35|34|pass-received|0|0|||0|0|126159|842296|Grayson|Allen|6|1
home|Derryck|Thornton|2015|2016|3|5|6|Cameron Indoor Stadium|Durham|North Carolina|UNC|Duke|35|34|pass-received|0|0|||0|0|131408|887661|Luke|Kennard|6|0
home|Derryck|Thornton|2015|2016|3|5|6|Cameron Indoor Stadium|Durham|North Carolina|UNC|Duke|35|34|pass-received|0|0|||0|0|131410|887665|Brandon|Ingram|12|0
home|Chase|Jeter|2015|2016|3|5|6|Cameron Indoor Stadium|Durham|North Carolina|UNC|Duke|3|2|pass-made|126159|842296|Grayson|Allen|1|0|0|0|||0|0
home|Chase|Jeter|2015|2016|3|5|6|Cameron Indoor Stadium|Durham|North Carolina|UNC|Duke|3|2|pass-made|131408|887661|Luke|Kennard|2|0|0|0|||0|0
home|Chase|Jeter|2015|2016|3|5|6|Cameron Indoor Stadium|Durham|North Carolina|UNC|Duke|3|2|pass-received|0|0|||0|0|131408|887661|Luke|Kennard|2|0
home|Luke|Kennard|2015|2016|3|5|6|Cameron Indoor Stadium|Durham|North Carolina|UNC|Duke|34|45|pass-made|109415|601143|Marshall|Plumlee|2|0|0|0|||0|0
home|Luke|Kennard|2015|2016|3|5|6|Cameron Indoor Stadium|Durham|North Carolina|UNC|Duke|34|45|pass-made|121034|756883|Matt|Jones|6|0|0|0|||0|0
home|Luke|Kennard|2015|2016|3|5|6|Cameron Indoor Stadium|Durham|North Carolina|UNC|Duke|34|45|pass-made|126159|842296|Grayson|Allen|11|1|0|0|||0|0
home|Luke|Kennard|2015|2016|3|5|6|Cameron Indoor Stadium|Durham|North Carolina|UNC|Duke|34|45|pass-made|131407|887658|Chase|Jeter|2|0|0|0|||0|0
home|Luke|Kennard|2015|2016|3|5|6|Cameron Indoor Stadium|Durham|North Carolina|UNC|Duke|34|45|pass-made|131409|887664|Derryck|Thornton|6|0|0|0|||0|0
home|Luke|Kennard|2015|2016|3|5|6|Cameron Indoor Stadium|Durham|North Carolina|UNC|Duke|34|45|pass-made|131410|887665|Brandon|Ingram|7|1|0|0|||0|0
home|Luke|Kennard|2015|2016|3|5|6|Cameron Indoor Stadium|Durham|North Carolina|UNC|Duke|34|45|pass-received|0|0|||0|0|109415|601143|Marshall|Plumlee|3|0
home|Luke|Kennard|2015|2016|3|5|6|Cameron Indoor Stadium|Durham|North Carolina|UNC|Duke|34|45|pass-received|0|0|||0|0|121034|756883|Matt|Jones|13|1
home|Luke|Kennard|2015|2016|3|5|6|Cameron Indoor Stadium|Durham|North Carolina|UNC|Duke|34|45|pass-received|0|0|||0|0|126159|842296|Grayson|Allen|16|3
home|Luke|Kennard|2015|2016|3|5|6|Cameron Indoor Stadium|Durham|North Carolina|UNC|Duke|34|45|pass-received|0|0|||0|0|131407|887658|Chase|Jeter|2|0
home|Luke|Kennard|2015|2016|3|5|6|Cameron Indoor Stadium|Durham|North Carolina|UNC|Duke|34|45|pass-received|0|0|||0|0|131409|887664|Derryck|Thornton|7|0
home|Luke|Kennard|2015|2016|3|5|6|Cameron Indoor Stadium|Durham|North Carolina|UNC|Duke|34|45|pass-received|0|0|||0|0|131410|887665|Brandon|Ingram|4|0
visitors|Konstantinos|Mitoglou|2015|2016|3|1|2|Cameron Indoor Stadium|Durham|North Carolina|Wake|Duke|30|22|pass-made|116008|660087|Codi|Miller-McIntyre|7|1|0|0|||0|0
visitors|Konstantinos|Mitoglou|2015|2016|3|1|2|Cameron Indoor Stadium|Durham|North Carolina|Wake|Duke|30|22|pass-made|116010|660089|Devin|Thomas|1|0|0|0|||0|0
visitors|Konstantinos|Mitoglou|2015|2016|3|1|2|Cameron Indoor Stadium|Durham|North Carolina|Wake|Duke|30|22|pass-made|126193|843216|Mitchell|Wilbekin|4|0|0|0|||0|0
visitors|Konstantinos|Mitoglou|2015|2016|3|1|2|Cameron Indoor Stadium|Durham|North Carolina|Wake|Duke|30|22|pass-made|126194|843218|Rondale|Watson|2|0|0|0|||0|0
visitors|Konstantinos|Mitoglou|2015|2016|3|1|2|Cameron Indoor Stadium|Durham|North Carolina|Wake|Duke|30|22|pass-made|131189|880467|Bryant|Crawford|16|1|0|0|||0|0
visitors|Konstantinos|Mitoglou|2015|2016|3|1|2|Cameron Indoor Stadium|Durham|North Carolina|Wake|Duke|30|22|pass-received|0|0|||0|0|116008|660087|Codi|Miller-McIntyre|5|0
visitors|Konstantinos|Mitoglou|2015|2016|3|1|2|Cameron Indoor Stadium|Durham|North Carolina|Wake|Duke|30|22|pass-received|0|0|||0|0|116010|660089|Devin|Thomas|4|1
visitors|Konstantinos|Mitoglou|2015|2016|3|1|2|Cameron Indoor Stadium|Durham|North Carolina|Wake|Duke|30|22|pass-received|0|0|||0|0|126193|843216|Mitchell|Wilbekin|2|0
visitors|Konstantinos|Mitoglou|2015|2016|3|1|2|Cameron Indoor Stadium|Durham|North Carolina|Wake|Duke|30|22|pass-received|0|0|||0|0|126194|843218|Rondale|Watson|3|0
visitors|Konstantinos|Mitoglou|2015|2016|3|1|2|Cameron Indoor Stadium|Durham|North Carolina|Wake|Duke|30|22|pass-received|0|0|||0|0|131189|880467|Bryant|Crawford|8|1
visitors|Devin|Thomas|2015|2016|3|1|2|Cameron Indoor Stadium|Durham|North Carolina|Wake|Duke|45|36|pass-made|116008|660087|Codi|Miller-McIntyre|9|1|0|0|||0|0
visitors|Devin|Thomas|2015|2016|3|1|2|Cameron Indoor Stadium|Durham|North Carolina|Wake|Duke|45|36|pass-made|120611|740413|Greg|McClinton|1|1|0|0|||0|0
visitors|Devin|Thomas|2015|2016|3|1|2|Cameron Indoor Stadium|Durham|North Carolina|Wake|Duke|45|36|pass-made|126193|843216|Mitchell|Wilbekin|2|1|0|0|||0|0
visitors|Devin|Thomas|2015|2016|3|1|2|Cameron Indoor Stadium|Durham|North Carolina|Wake|Duke|45|36|pass-made|126194|843218|Rondale|Watson|8|0|0|0|||0|0
visitors|Devin|Thomas|2015|2016|3|1|2|Cameron Indoor Stadium|Durham|North Carolina|Wake|Duke|45|36|pass-made|126195|843220|Konstantinos|Mitoglou|4|1|0|0|||0|0
visitors|Devin|Thomas|2015|2016|3|1|2|Cameron Indoor Stadium|Durham|North Carolina|Wake|Duke|45|36|pass-made|131188|880466|Doral|Moore|1|0|0|0|||0|0
visitors|Devin|Thomas|2015|2016|3|1|2|Cameron Indoor Stadium|Durham|North Carolina|Wake|Duke|45|36|pass-made|131189|880467|Bryant|Crawford|16|1|0|0|||0|0
visitors|Devin|Thomas|2015|2016|3|1|2|Cameron Indoor Stadium|Durham|North Carolina|Wake|Duke|45|36|pass-made|131190|880468|John|Collins|2|0|0|0|||0|0
visitors|Devin|Thomas|2015|2016|3|1|2|Cameron Indoor Stadium|Durham|North Carolina|Wake|Duke|45|36|pass-received|0|0|||0|0|116008|660087|Codi|Miller-McIntyre|4|0
visitors|Devin|Thomas|2015|2016|3|1|2|Cameron Indoor Stadium|Durham|North Carolina|Wake|Duke|45|36|pass-received|0|0|||0|0|126193|843216|Mitchell|Wilbekin|6|1
visitors|Devin|Thomas|2015|2016|3|1|2|Cameron Indoor Stadium|Durham|North Carolina|Wake|Duke|45|36|pass-received|0|0|||0|0|126194|843218|Rondale|Watson|10|1
visitors|Devin|Thomas|2015|2016|3|1|2|Cameron Indoor Stadium|Durham|North Carolina|Wake|Duke|45|36|pass-received|0|0|||0|0|126195|843220|Konstantinos|Mitoglou|1|0
visitors|Devin|Thomas|2015|2016|3|1|2|Cameron Indoor Stadium|Durham|North Carolina|Wake|Duke|45|36|pass-received|0|0|||0|0|131189|880467|Bryant|Crawford|15|2
visitors|Bryant|Crawford|2015|2016|3|1|2|Cameron Indoor Stadium|Durham|North Carolina|Wake|Duke|51|58|pass-made|116008|660087|Codi|Miller-McIntyre|11|0|0|0|||0|0
visitors|Bryant|Crawford|2015|2016|3|1|2|Cameron Indoor Stadium|Durham|North Carolina|Wake|Duke|51|58|pass-made|116010|660089|Devin|Thomas|15|2|0|0|||0|0
visitors|Bryant|Crawford|2015|2016|3|1|2|Cameron Indoor Stadium|Durham|North Carolina|Wake|Duke|51|58|pass-made|120611|740413|Greg|McClinton|2|0|0|0|||0|0
visitors|Bryant|Crawford|2015|2016|3|1|2|Cameron Indoor Stadium|Durham|North Carolina|Wake|Duke|51|58|pass-made|126193|843216|Mitchell|Wilbekin|9|0|0|0|||0|0
visitors|Bryant|Crawford|2015|2016|3|1|2|Cameron Indoor Stadium|Durham|North Carolina|Wake|Duke|51|58|pass-made|126194|843218|Rondale|Watson|4|0|0|0|||0|0
visitors|Bryant|Crawford|2015|2016|3|1|2|Cameron Indoor Stadium|Durham|North Carolina|Wake|Duke|51|58|pass-made|126195|843220|Konstantinos|Mitoglou|8|1|0|0|||0|0
visitors|Bryant|Crawford|2015|2016|3|1|2|Cameron Indoor Stadium|Durham|North Carolina|Wake|Duke|51|58|pass-made|131188|880466|Doral|Moore|1|0|0|0|||0|0
visitors|Bryant|Crawford|2015|2016|3|1|2|Cameron Indoor Stadium|Durham|North Carolina|Wake|Duke|51|58|pass-made|131190|880468|John|Collins|1|0|0|0|||0|0
visitors|Bryant|Crawford|2015|2016|3|1|2|Cameron Indoor Stadium|Durham|North Carolina|Wake|Duke|51|58|pass-received|0|0|||0|0|116008|660087|Codi|Miller-McIntyre|12|0
visitors|Bryant|Crawford|2015|2016|3|1|2|Cameron Indoor Stadium|Durham|North Carolina|Wake|Duke|51|58|pass-received|0|0|||0|0|116010|660089|Devin|Thomas|16|1
visitors|Bryant|Crawford|2015|2016|3|1|2|Cameron Indoor Stadium|Durham|North Carolina|Wake|Duke|51|58|pass-received|0|0|||0|0|120611|740413|Greg|McClinton|1|0
visitors|Bryant|Crawford|2015|2016|3|1|2|Cameron Indoor Stadium|Durham|North Carolina|Wake|Duke|51|58|pass-received|0|0|||0|0|126193|843216|Mitchell|Wilbekin|7|0
visitors|Bryant|Crawford|2015|2016|3|1|2|Cameron Indoor Stadium|Durham|North Carolina|Wake|Duke|51|58|pass-received|0|0|||0|0|126194|843218|Rondale|Watson|2|0
visitors|Bryant|Crawford|2015|2016|3|1|2|Cameron Indoor Stadium|Durham|North Carolina|Wake|Duke|51|58|pass-received|0|0|||0|0|126195|843220|Konstantinos|Mitoglou|16|1
visitors|Bryant|Crawford|2015|2016|3|1|2|Cameron Indoor Stadium|Durham|North Carolina|Wake|Duke|51|58|pass-received|0|0|||0|0|131190|880468|John|Collins|4|0
visitors|Codi|Miller-McIntyre|2015|2016|3|1|2|Cameron Indoor Stadium|Durham|North Carolina|Wake|Duke|33|41|pass-made|116010|660089|Devin|Thomas|4|0|0|0|||0|0
visitors|Codi|Miller-McIntyre|2015|2016|3|1|2|Cameron Indoor Stadium|Durham|North Carolina|Wake|Duke|33|41|pass-made|126193|843216|Mitchell|Wilbekin|4|0|0|0|||0|0
visitors|Codi|Miller-McIntyre|2015|2016|3|1|2|Cameron Indoor Stadium|Durham|North Carolina|Wake|Duke|33|41|pass-made|126194|843218|Rondale|Watson|4|0|0|0|||0|0
visitors|Codi|Miller-McIntyre|2015|2016|3|1|2|Cameron Indoor Stadium|Durham|North Carolina|Wake|Duke|33|41|pass-made|126195|843220|Konstantinos|Mitoglou|5|0|0|0|||0|0
visitors|Codi|Miller-McIntyre|2015|2016|3|1|2|Cameron Indoor Stadium|Durham|North Carolina|Wake|Duke|33|41|pass-made|131189|880467|Bryant|Crawford|12|0|0|0|||0|0
visitors|Codi|Miller-McIntyre|2015|2016|3|1|2|Cameron Indoor Stadium|Durham|North Carolina|Wake|Duke|33|41|pass-made|131190|880468|John|Collins|3|1|0|0|||0|0
visitors|Codi|Miller-McIntyre|2015|2016|3|1|2|Cameron Indoor Stadium|Durham|North Carolina|Wake|Duke|33|41|pass-received|0|0|||0|0|116010|660089|Devin|Thomas|9|1
visitors|Codi|Miller-McIntyre|2015|2016|3|1|2|Cameron Indoor Stadium|Durham|North Carolina|Wake|Duke|33|41|pass-received|0|0|||0|0|120611|740413|Greg|McClinton|1|0
visitors|Codi|Miller-McIntyre|2015|2016|3|1|2|Cameron Indoor Stadium|Durham|North Carolina|Wake|Duke|33|41|pass-received|0|0|||0|0|126193|843216|Mitchell|Wilbekin|5|0
visitors|Codi|Miller-McIntyre|2015|2016|3|1|2|Cameron Indoor Stadium|Durham|North Carolina|Wake|Duke|33|41|pass-received|0|0|||0|0|126194|843218|Rondale|Watson|5|0
visitors|Codi|Miller-McIntyre|2015|2016|3|1|2|Cameron Indoor Stadium|Durham|North Carolina|Wake|Duke|33|41|pass-received|0|0|||0|0|126195|843220|Konstantinos|Mitoglou|7|1
visitors|Codi|Miller-McIntyre|2015|2016|3|1|2|Cameron Indoor Stadium|Durham|North Carolina|Wake|Duke|33|41|pass-received|0|0|||0|0|131189|880467|Bryant|Crawford|11|0
visitors|Codi|Miller-McIntyre|2015|2016|3|1|2|Cameron Indoor Stadium|Durham|North Carolina|Wake|Duke|33|41|pass-received|0|0|||0|0|131190|880468|John|Collins|3|0
visitors|Mitchell|Wilbekin|2015|2016|3|1|2|Cameron Indoor Stadium|Durham|North Carolina|Wake|Duke|26|25|pass-made|116008|660087|Codi|Miller-McIntyre|5|0|0|0|||0|0
visitors|Mitchell|Wilbekin|2015|2016|3|1|2|Cameron Indoor Stadium|Durham|North Carolina|Wake|Duke|26|25|pass-made|116010|660089|Devin|Thomas|6|1|0|0|||0|0
visitors|Mitchell|Wilbekin|2015|2016|3|1|2|Cameron Indoor Stadium|Durham|North Carolina|Wake|Duke|26|25|pass-made|126194|843218|Rondale|Watson|4|0|0|0|||0|0
visitors|Mitchell|Wilbekin|2015|2016|3|1|2|Cameron Indoor Stadium|Durham|North Carolina|Wake|Duke|26|25|pass-made|126195|843220|Konstantinos|Mitoglou|2|0|0|0|||0|0
visitors|Mitchell|Wilbekin|2015|2016|3|1|2|Cameron Indoor Stadium|Durham|North Carolina|Wake|Duke|26|25|pass-made|131189|880467|Bryant|Crawford|7|0|0|0|||0|0
visitors|Mitchell|Wilbekin|2015|2016|3|1|2|Cameron Indoor Stadium|Durham|North Carolina|Wake|Duke|26|25|pass-made|131190|880468|John|Collins|2|1|0|0|||0|0
visitors|Mitchell|Wilbekin|2015|2016|3|1|2|Cameron Indoor Stadium|Durham|North Carolina|Wake|Duke|26|25|pass-received|0|0|||0|0|116008|660087|Codi|Miller-McIntyre|4|0
visitors|Mitchell|Wilbekin|2015|2016|3|1|2|Cameron Indoor Stadium|Durham|North Carolina|Wake|Duke|26|25|pass-received|0|0|||0|0|116010|660089|Devin|Thomas|2|1
visitors|Mitchell|Wilbekin|2015|2016|3|1|2|Cameron Indoor Stadium|Durham|North Carolina|Wake|Duke|26|25|pass-received|0|0|||0|0|126194|843218|Rondale|Watson|5|1
visitors|Mitchell|Wilbekin|2015|2016|3|1|2|Cameron Indoor Stadium|Durham|North Carolina|Wake|Duke|26|25|pass-received|0|0|||0|0|126195|843220|Konstantinos|Mitoglou|4|0
visitors|Mitchell|Wilbekin|2015|2016|3|1|2|Cameron Indoor Stadium|Durham|North Carolina|Wake|Duke|26|25|pass-received|0|0|||0|0|131189|880467|Bryant|Crawford|9|0
visitors|Mitchell|Wilbekin|2015|2016|3|1|2|Cameron Indoor Stadium|Durham|North Carolina|Wake|Duke|26|25|pass-received|0|0|||0|0|131190|880468|John|Collins|1|0
visitors|John|Collins|2015|2016|3|1|2|Cameron Indoor Stadium|Durham|North Carolina|Wake|Duke|9|8|pass-made|116008|660087|Codi|Miller-McIntyre|3|0|0|0|||0|0
visitors|John|Collins|2015|2016|3|1|2|Cameron Indoor Stadium|Durham|North Carolina|Wake|Duke|9|8|pass-made|126193|843216|Mitchell|Wilbekin|1|0|0|0|||0|0
visitors|John|Collins|2015|2016|3|1|2|Cameron Indoor Stadium|Durham|North Carolina|Wake|Duke|9|8|pass-made|126194|843218|Rondale|Watson|1|0|0|0|||0|0
visitors|John|Collins|2015|2016|3|1|2|Cameron Indoor Stadium|Durham|North Carolina|Wake|Duke|9|8|pass-made|131189|880467|Bryant|Crawford|4|0|0|0|||0|0
visitors|John|Collins|2015|2016|3|1|2|Cameron Indoor Stadium|Durham|North Carolina|Wake|Duke|9|8|pass-received|0|0|||0|0|116008|660087|Codi|Miller-McIntyre|3|1
visitors|John|Collins|2015|2016|3|1|2|Cameron Indoor Stadium|Durham|North Carolina|Wake|Duke|9|8|pass-received|0|0|||0|0|116010|660089|Devin|Thomas|2|0
visitors|John|Collins|2015|2016|3|1|2|Cameron Indoor Stadium|Durham|North Carolina|Wake|Duke|9|8|pass-received|0|0|||0|0|126193|843216|Mitchell|Wilbekin|2|1
visitors|John|Collins|2015|2016|3|1|2|Cameron Indoor Stadium|Durham|North Carolina|Wake|Duke|9|8|pass-received|0|0|||0|0|131189|880467|Bryant|Crawford|1|0
visitors|Greg|McClinton|2015|2016|3|1|2|Cameron Indoor Stadium|Durham|North Carolina|Wake|Duke|3|3|pass-made|116008|660087|Codi|Miller-McIntyre|1|0|0|0|||0|0
visitors|Greg|McClinton|2015|2016|3|1|2|Cameron Indoor Stadium|Durham|North Carolina|Wake|Duke|3|3|pass-made|126194|843218|Rondale|Watson|1|0|0|0|||0|0
visitors|Greg|McClinton|2015|2016|3|1|2|Cameron Indoor Stadium|Durham|North Carolina|Wake|Duke|3|3|pass-made|131189|880467|Bryant|Crawford|1|0|0|0|||0|0
visitors|Greg|McClinton|2015|2016|3|1|2|Cameron Indoor Stadium|Durham|North Carolina|Wake|Duke|3|3|pass-received|0|0|||0|0|116010|660089|Devin|Thomas|1|1
visitors|Greg|McClinton|2015|2016|3|1|2|Cameron Indoor Stadium|Durham|North Carolina|Wake|Duke|3|3|pass-received|0|0|||0|0|131189|880467|Bryant|Crawford|2|0
visitors|Doral|Moore|2015|2016|3|1|2|Cameron Indoor Stadium|Durham|North Carolina|Wake|Duke|0|2|pass-received|0|0|||0|0|116010|660089|Devin|Thomas|1|0
visitors|Doral|Moore|2015|2016|3|1|2|Cameron Indoor Stadium|Durham|North Carolina|Wake|Duke|0|2|pass-received|0|0|||0|0|131189|880467|Bryant|Crawford|1|0
visitors|Trent|VanHorn|2015|2016|3|1|2|Cameron Indoor Stadium|Durham|North Carolina|Wake|Duke|0|0||0|0|||0|0|0|0|||0|0
visitors|Rondale|Watson|2015|2016|3|1|2|Cameron Indoor Stadium|Durham|North Carolina|Wake|Duke|25|24|pass-made|116008|660087|Codi|Miller-McIntyre|5|0|0|0|||0|0
visitors|Rondale|Watson|2015|2016|3|1|2|Cameron Indoor Stadium|Durham|North Carolina|Wake|Duke|25|24|pass-made|116010|660089|Devin|Thomas|10|1|0|0|||0|0
visitors|Rondale|Watson|2015|2016|3|1|2|Cameron Indoor Stadium|Durham|North Carolina|Wake|Duke|25|24|pass-made|126193|843216|Mitchell|Wilbekin|5|1|0|0|||0|0
visitors|Rondale|Watson|2015|2016|3|1|2|Cameron Indoor Stadium|Durham|North Carolina|Wake|Duke|25|24|pass-made|126195|843220|Konstantinos|Mitoglou|3|0|0|0|||0|0
visitors|Rondale|Watson|2015|2016|3|1|2|Cameron Indoor Stadium|Durham|North Carolina|Wake|Duke|25|24|pass-made|131189|880467|Bryant|Crawford|2|0|0|0|||0|0
visitors|Rondale|Watson|2015|2016|3|1|2|Cameron Indoor Stadium|Durham|North Carolina|Wake|Duke|25|24|pass-received|0|0|||0|0|116008|660087|Codi|Miller-McIntyre|4|0
visitors|Rondale|Watson|2015|2016|3|1|2|Cameron Indoor Stadium|Durham|North Carolina|Wake|Duke|25|24|pass-received|0|0|||0|0|116010|660089|Devin|Thomas|8|0
visitors|Rondale|Watson|2015|2016|3|1|2|Cameron Indoor Stadium|Durham|North Carolina|Wake|Duke|25|24|pass-received|0|0|||0|0|120611|740413|Greg|McClinton|1|0
visitors|Rondale|Watson|2015|2016|3|1|2|Cameron Indoor Stadium|Durham|North Carolina|Wake|Duke|25|24|pass-received|0|0|||0|0|126193|843216|Mitchell|Wilbekin|4|0
visitors|Rondale|Watson|2015|2016|3|1|2|Cameron Indoor Stadium|Durham|North Carolina|Wake|Duke|25|24|pass-received|0|0|||0|0|126195|843220|Konstantinos|Mitoglou|2|0
visitors|Rondale|Watson|2015|2016|3|1|2|Cameron Indoor Stadium|Durham|North Carolina|Wake|Duke|25|24|pass-received|0|0|||0|0|131189|880467|Bryant|Crawford|4|0
visitors|Rondale|Watson|2015|2016|3|1|2|Cameron Indoor Stadium|Durham|North Carolina|Wake|Duke|25|24|pass-received|0|0|||0|0|131190|880468|John|Collins|1|0
home|Brandon|Ingram|2015|2016|3|1|2|Cameron Indoor Stadium|Durham|North Carolina|Wake|Duke|61|49|pass-made|109415|601143|Marshall|Plumlee|4|0|0|0|||0|0
home|Brandon|Ingram|2015|2016|3|1|2|Cameron Indoor Stadium|Durham|North Carolina|Wake|Duke|61|49|pass-made|121034|756883|Matt|Jones|9|1|0|0|||0|0
home|Brandon|Ingram|2015|2016|3|1|2|Cameron Indoor Stadium|Durham|North Carolina|Wake|Duke|61|49|pass-made|126159|842296|Grayson|Allen|9|1|0|0|||0|0
home|Brandon|Ingram|2015|2016|3|1|2|Cameron Indoor Stadium|Durham|North Carolina|Wake|Duke|61|49|pass-made|131408|887661|Luke|Kennard|2|0|0|0|||0|0
home|Brandon|Ingram|2015|2016|3|1|2|Cameron Indoor Stadium|Durham|North Carolina|Wake|Duke|61|49|pass-made|131409|887664|Derryck|Thornton|37|0|0|0|||0|0
home|Brandon|Ingram|2015|2016|3|1|2|Cameron Indoor Stadium|Durham|North Carolina|Wake|Duke|61|49|pass-received|0|0|||0|0|109415|601143|Marshall|Plumlee|5|0
home|Brandon|Ingram|2015|2016|3|1|2|Cameron Indoor Stadium|Durham|North Carolina|Wake|Duke|61|49|pass-received|0|0|||0|0|121034|756883|Matt|Jones|8|1
home|Brandon|Ingram|2015|2016|3|1|2|Cameron Indoor Stadium|Durham|North Carolina|Wake|Duke|61|49|pass-received|0|0|||0|0|126159|842296|Grayson|Allen|11|0
home|Brandon|Ingram|2015|2016|3|1|2|Cameron Indoor Stadium|Durham|North Carolina|Wake|Duke|61|49|pass-received|0|0|||0|0|131408|887661|Luke|Kennard|5|1
home|Brandon|Ingram|2015|2016|3|1|2|Cameron Indoor Stadium|Durham|North Carolina|Wake|Duke|61|49|pass-received|0|0|||0|0|131409|887664|Derryck|Thornton|20|1
home|Marshall|Plumlee|2015|2016|3|1|2|Cameron Indoor Stadium|Durham|North Carolina|Wake|Duke|23|20|pass-made|121034|756883|Matt|Jones|1|1|0|0|||0|0
home|Marshall|Plumlee|2015|2016|3|1|2|Cameron Indoor Stadium|Durham|North Carolina|Wake|Duke|23|20|pass-made|126159|842296|Grayson|Allen|7|0|0|0|||0|0
home|Marshall|Plumlee|2015|2016|3|1|2|Cameron Indoor Stadium|Durham|North Carolina|Wake|Duke|23|20|pass-made|131408|887661|Luke|Kennard|2|0|0|0|||0|0
home|Marshall|Plumlee|2015|2016|3|1|2|Cameron Indoor Stadium|Durham|North Carolina|Wake|Duke|23|20|pass-made|131409|887664|Derryck|Thornton|8|0|0|0|||0|0
home|Marshall|Plumlee|2015|2016|3|1|2|Cameron Indoor Stadium|Durham|North Carolina|Wake|Duke|23|20|pass-made|131410|887665|Brandon|Ingram|5|0|0|0|||0|0
home|Marshall|Plumlee|2015|2016|3|1|2|Cameron Indoor Stadium|Durham|North Carolina|Wake|Duke|23|20|pass-received|0|0|||0|0|121034|756883|Matt|Jones|2|0
home|Marshall|Plumlee|2015|2016|3|1|2|Cameron Indoor Stadium|Durham|North Carolina|Wake|Duke|23|20|pass-received|0|0|||0|0|126159|842296|Grayson|Allen|3|1
home|Marshall|Plumlee|2015|2016|3|1|2|Cameron Indoor Stadium|Durham|North Carolina|Wake|Duke|23|20|pass-received|0|0|||0|0|131408|887661|Luke|Kennard|2|0
home|Marshall|Plumlee|2015|2016|3|1|2|Cameron Indoor Stadium|Durham|North Carolina|Wake|Duke|23|20|pass-received|0|0|||0|0|131409|887664|Derryck|Thornton|9|1
home|Marshall|Plumlee|2015|2016|3|1|2|Cameron Indoor Stadium|Durham|North Carolina|Wake|Duke|23|20|pass-received|0|0|||0|0|131410|887665|Brandon|Ingram|4|0
home|Grayson|Allen|2015|2016|3|1|2|Cameron Indoor Stadium|Durham|North Carolina|Wake|Duke|41|53|pass-made|109415|601143|Marshall|Plumlee|3|1|0|0|||0|0
home|Grayson|Allen|2015|2016|3|1|2|Cameron Indoor Stadium|Durham|North Carolina|Wake|Duke|41|53|pass-made|121034|756883|Matt|Jones|6|0|0|0|||0|0
home|Grayson|Allen|2015|2016|3|1|2|Cameron Indoor Stadium|Durham|North Carolina|Wake|Duke|41|53|pass-made|131408|887661|Luke|Kennard|2|0|0|0|||0|0
home|Grayson|Allen|2015|2016|3|1|2|Cameron Indoor Stadium|Durham|North Carolina|Wake|Duke|41|53|pass-made|131409|887664|Derryck|Thornton|19|0|0|0|||0|0
home|Grayson|Allen|2015|2016|3|1|2|Cameron Indoor Stadium|Durham|North Carolina|Wake|Duke|41|53|pass-made|131410|887665|Brandon|Ingram|11|0|0|0|||0|0
home|Grayson|Allen|2015|2016|3|1|2|Cameron Indoor Stadium|Durham|North Carolina|Wake|Duke|41|53|pass-received|0|0|||0|0|109415|601143|Marshall|Plumlee|7|0
home|Grayson|Allen|2015|2016|3|1|2|Cameron Indoor Stadium|Durham|North Carolina|Wake|Duke|41|53|pass-received|0|0|||0|0|121034|756883|Matt|Jones|9|1
home|Grayson|Allen|2015|2016|3|1|2|Cameron Indoor Stadium|Durham|North Carolina|Wake|Duke|41|53|pass-received|0|0|||0|0|131408|887661|Luke|Kennard|2|1
home|Grayson|Allen|2015|2016|3|1|2|Cameron Indoor Stadium|Durham|North Carolina|Wake|Duke|41|53|pass-received|0|0|||0|0|131409|887664|Derryck|Thornton|26|1
home|Grayson|Allen|2015|2016|3|1|2|Cameron Indoor Stadium|Durham|North Carolina|Wake|Duke|41|53|pass-received|0|0|||0|0|131410|887665|Brandon|Ingram|9|1
home|Matt|Jones|2015|2016|3|1|2|Cameron Indoor Stadium|Durham|North Carolina|Wake|Duke|31|32|pass-made|109415|601143|Marshall|Plumlee|2|0|0|0|||0|0
home|Matt|Jones|2015|2016|3|1|2|Cameron Indoor Stadium|Durham|North Carolina|Wake|Duke|31|32|pass-made|126159|842296|Grayson|Allen|9|1|0|0|||0|0
home|Matt|Jones|2015|2016|3|1|2|Cameron Indoor Stadium|Durham|North Carolina|Wake|Duke|31|32|pass-made|131408|887661|Luke|Kennard|1|0|0|0|||0|0
home|Matt|Jones|2015|2016|3|1|2|Cameron Indoor Stadium|Durham|North Carolina|Wake|Duke|31|32|pass-made|131409|887664|Derryck|Thornton|11|0|0|0|||0|0
home|Matt|Jones|2015|2016|3|1|2|Cameron Indoor Stadium|Durham|North Carolina|Wake|Duke|31|32|pass-made|131410|887665|Brandon|Ingram|8|1|0|0|||0|0
home|Matt|Jones|2015|2016|3|1|2|Cameron Indoor Stadium|Durham|North Carolina|Wake|Duke|31|32|pass-received|0|0|||0|0|109415|601143|Marshall|Plumlee|1|1
home|Matt|Jones|2015|2016|3|1|2|Cameron Indoor Stadium|Durham|North Carolina|Wake|Duke|31|32|pass-received|0|0|||0|0|126159|842296|Grayson|Allen|6|0
home|Matt|Jones|2015|2016|3|1|2|Cameron Indoor Stadium|Durham|North Carolina|Wake|Duke|31|32|pass-received|0|0|||0|0|131408|887661|Luke|Kennard|3|1
home|Matt|Jones|2015|2016|3|1|2|Cameron Indoor Stadium|Durham|North Carolina|Wake|Duke|31|32|pass-received|0|0|||0|0|131409|887664|Derryck|Thornton|13|1
home|Matt|Jones|2015|2016|3|1|2|Cameron Indoor Stadium|Durham|North Carolina|Wake|Duke|31|32|pass-received|0|0|||0|0|131410|887665|Brandon|Ingram|9|1
home|Derryck|Thornton|2015|2016|3|1|2|Cameron Indoor Stadium|Durham|North Carolina|Wake|Duke|75|77|pass-made|109415|601143|Marshall|Plumlee|9|1|0|0|||0|0
home|Derryck|Thornton|2015|2016|3|1|2|Cameron Indoor Stadium|Durham|North Carolina|Wake|Duke|75|77|pass-made|121034|756883|Matt|Jones|13|1|0|0|||0|0
home|Derryck|Thornton|2015|2016|3|1|2|Cameron Indoor Stadium|Durham|North Carolina|Wake|Duke|75|77|pass-made|126159|842296|Grayson|Allen|26|1|0|0|||0|0
home|Derryck|Thornton|2015|2016|3|1|2|Cameron Indoor Stadium|Durham|North Carolina|Wake|Duke|75|77|pass-made|131408|887661|Luke|Kennard|7|0|0|0|||0|0
home|Derryck|Thornton|2015|2016|3|1|2|Cameron Indoor Stadium|Durham|North Carolina|Wake|Duke|75|77|pass-made|131410|887665|Brandon|Ingram|20|1|0|0|||0|0
home|Derryck|Thornton|2015|2016|3|1|2|Cameron Indoor Stadium|Durham|North Carolina|Wake|Duke|75|77|pass-received|0|0|||0|0|109415|601143|Marshall|Plumlee|8|0
home|Derryck|Thornton|2015|2016|3|1|2|Cameron Indoor Stadium|Durham|North Carolina|Wake|Duke|75|77|pass-received|0|0|||0|0|121034|756883|Matt|Jones|11|0
home|Derryck|Thornton|2015|2016|3|1|2|Cameron Indoor Stadium|Durham|North Carolina|Wake|Duke|75|77|pass-received|0|0|||0|0|126159|842296|Grayson|Allen|19|0
home|Derryck|Thornton|2015|2016|3|1|2|Cameron Indoor Stadium|Durham|North Carolina|Wake|Duke|75|77|pass-received|0|0|||0|0|131408|887661|Luke|Kennard|2|0
home|Derryck|Thornton|2015|2016|3|1|2|Cameron Indoor Stadium|Durham|North Carolina|Wake|Duke|75|77|pass-received|0|0|||0|0|131410|887665|Brandon|Ingram|37|0
home|Chase|Jeter|2015|2016|3|1|2|Cameron Indoor Stadium|Durham|North Carolina|Wake|Duke|0|0||0|0|||0|0|0|0|||0|0
home|Luke|Kennard|2015|2016|3|1|2|Cameron Indoor Stadium|Durham|North Carolina|Wake|Duke|14|14|pass-made|109415|601143|Marshall|Plumlee|2|0|0|0|||0|0
home|Luke|Kennard|2015|2016|3|1|2|Cameron Indoor Stadium|Durham|North Carolina|Wake|Duke|14|14|pass-made|121034|756883|Matt|Jones|3|1|0|0|||0|0
home|Luke|Kennard|2015|2016|3|1|2|Cameron Indoor Stadium|Durham|North Carolina|Wake|Duke|14|14|pass-made|126159|842296|Grayson|Allen|2|1|0|0|||0|0
home|Luke|Kennard|2015|2016|3|1|2|Cameron Indoor Stadium|Durham|North Carolina|Wake|Duke|14|14|pass-made|131409|887664|Derryck|Thornton|2|0|0|0|||0|0
home|Luke|Kennard|2015|2016|3|1|2|Cameron Indoor Stadium|Durham|North Carolina|Wake|Duke|14|14|pass-made|131410|887665|Brandon|Ingram|5|1|0|0|||0|0
home|Luke|Kennard|2015|2016|3|1|2|Cameron Indoor Stadium|Durham|North Carolina|Wake|Duke|14|14|pass-received|0|0|||0|0|109415|601143|Marshall|Plumlee|2|0
home|Luke|Kennard|2015|2016|3|1|2|Cameron Indoor Stadium|Durham|North Carolina|Wake|Duke|14|14|pass-received|0|0|||0|0|121034|756883|Matt|Jones|1|0
home|Luke|Kennard|2015|2016|3|1|2|Cameron Indoor Stadium|Durham|North Carolina|Wake|Duke|14|14|pass-received|0|0|||0|0|126159|842296|Grayson|Allen|2|0
home|Luke|Kennard|2015|2016|3|1|2|Cameron Indoor Stadium|Durham|North Carolina|Wake|Duke|14|14|pass-received|0|0|||0|0|131409|887664|Derryck|Thornton|7|0
home|Luke|Kennard|2015|2016|3|1|2|Cameron Indoor Stadium|Durham|North Carolina|Wake|Duke|14|14|pass-received|0|0|||0|0|131410|887665|Brandon|Ingram|2|0
visitors|Brandon|Ingram|2015|2016|3|10|4|Verizon Center|Washington|District of Columbia|Duke|ND|69|65|pass-made|121034|756883|Matt|Jones|24|1|0|0|||0|0
visitors|Brandon|Ingram|2015|2016|3|10|4|Verizon Center|Washington|District of Columbia|Duke|ND|69|65|pass-made|121232|789577|Sean|Obi|1|0|0|0|||0|0
visitors|Brandon|Ingram|2015|2016|3|10|4|Verizon Center|Washington|District of Columbia|Duke|ND|69|65|pass-made|126159|842296|Grayson|Allen|23|0|0|0|||0|0
visitors|Brandon|Ingram|2015|2016|3|10|4|Verizon Center|Washington|District of Columbia|Duke|ND|69|65|pass-made|131408|887661|Luke|Kennard|7|0|0|0|||0|0
visitors|Brandon|Ingram|2015|2016|3|10|4|Verizon Center|Washington|District of Columbia|Duke|ND|69|65|pass-made|131409|887664|Derryck|Thornton|14|0|0|0|||0|0
visitors|Brandon|Ingram|2015|2016|3|10|4|Verizon Center|Washington|District of Columbia|Duke|ND|69|65|pass-received|0|0|||0|0|109415|601143|Marshall|Plumlee|3|0
visitors|Brandon|Ingram|2015|2016|3|10|4|Verizon Center|Washington|District of Columbia|Duke|ND|69|65|pass-received|0|0|||0|0|121034|756883|Matt|Jones|23|2
visitors|Brandon|Ingram|2015|2016|3|10|4|Verizon Center|Washington|District of Columbia|Duke|ND|69|65|pass-received|0|0|||0|0|121232|789577|Sean|Obi|1|0
visitors|Brandon|Ingram|2015|2016|3|10|4|Verizon Center|Washington|District of Columbia|Duke|ND|69|65|pass-received|0|0|||0|0|126159|842296|Grayson|Allen|17|1
visitors|Brandon|Ingram|2015|2016|3|10|4|Verizon Center|Washington|District of Columbia|Duke|ND|69|65|pass-received|0|0|||0|0|131407|887658|Chase|Jeter|3|0
visitors|Brandon|Ingram|2015|2016|3|10|4|Verizon Center|Washington|District of Columbia|Duke|ND|69|65|pass-received|0|0|||0|0|131408|887661|Luke|Kennard|9|0
visitors|Brandon|Ingram|2015|2016|3|10|4|Verizon Center|Washington|District of Columbia|Duke|ND|69|65|pass-received|0|0|||0|0|131409|887664|Derryck|Thornton|9|0
visitors|Marshall|Plumlee|2015|2016|3|10|4|Verizon Center|Washington|District of Columbia|Duke|ND|9|7|pass-made|121034|756883|Matt|Jones|2|0|0|0|||0|0
visitors|Marshall|Plumlee|2015|2016|3|10|4|Verizon Center|Washington|District of Columbia|Duke|ND|9|7|pass-made|126159|842296|Grayson|Allen|4|1|0|0|||0|0
visitors|Marshall|Plumlee|2015|2016|3|10|4|Verizon Center|Washington|District of Columbia|Duke|ND|9|7|pass-made|131410|887665|Brandon|Ingram|3|0|0|0|||0|0
visitors|Marshall|Plumlee|2015|2016|3|10|4|Verizon Center|Washington|District of Columbia|Duke|ND|9|7|pass-received|0|0|||0|0|121034|756883|Matt|Jones|2|0
visitors|Marshall|Plumlee|2015|2016|3|10|4|Verizon Center|Washington|District of Columbia|Duke|ND|9|7|pass-received|0|0|||0|0|126159|842296|Grayson|Allen|2|1
visitors|Marshall|Plumlee|2015|2016|3|10|4|Verizon Center|Washington|District of Columbia|Duke|ND|9|7|pass-received|0|0|||0|0|131409|887664|Derryck|Thornton|3|0
visitors|Grayson|Allen|2015|2016|3|10|4|Verizon Center|Washington|District of Columbia|Duke|ND|71|86|pass-made|109415|601143|Marshall|Plumlee|2|1|0|0|||0|0
visitors|Grayson|Allen|2015|2016|3|10|4|Verizon Center|Washington|District of Columbia|Duke|ND|71|86|pass-made|121034|756883|Matt|Jones|18|0|0|0|||0|0
visitors|Grayson|Allen|2015|2016|3|10|4|Verizon Center|Washington|District of Columbia|Duke|ND|71|86|pass-made|131407|887658|Chase|Jeter|1|0|0|0|||0|0
visitors|Grayson|Allen|2015|2016|3|10|4|Verizon Center|Washington|District of Columbia|Duke|ND|71|86|pass-made|131408|887661|Luke|Kennard|17|1|0|0|||0|0
visitors|Grayson|Allen|2015|2016|3|10|4|Verizon Center|Washington|District of Columbia|Duke|ND|71|86|pass-made|131409|887664|Derryck|Thornton|16|0|0|0|||0|0
visitors|Grayson|Allen|2015|2016|3|10|4|Verizon Center|Washington|District of Columbia|Duke|ND|71|86|pass-made|131410|887665|Brandon|Ingram|17|1|0|0|||0|0
visitors|Grayson|Allen|2015|2016|3|10|4|Verizon Center|Washington|District of Columbia|Duke|ND|71|86|pass-received|0|0|||0|0|109415|601143|Marshall|Plumlee|4|1
visitors|Grayson|Allen|2015|2016|3|10|4|Verizon Center|Washington|District of Columbia|Duke|ND|71|86|pass-received|0|0|||0|0|121034|756883|Matt|Jones|20|0
visitors|Grayson|Allen|2015|2016|3|10|4|Verizon Center|Washington|District of Columbia|Duke|ND|71|86|pass-received|0|0|||0|0|121232|789577|Sean|Obi|3|0
visitors|Grayson|Allen|2015|2016|3|10|4|Verizon Center|Washington|District of Columbia|Duke|ND|71|86|pass-received|0|0|||0|0|131407|887658|Chase|Jeter|1|0
visitors|Grayson|Allen|2015|2016|3|10|4|Verizon Center|Washington|District of Columbia|Duke|ND|71|86|pass-received|0|0|||0|0|131408|887661|Luke|Kennard|11|2
visitors|Grayson|Allen|2015|2016|3|10|4|Verizon Center|Washington|District of Columbia|Duke|ND|71|86|pass-received|0|0|||0|0|131409|887664|Derryck|Thornton|24|3
visitors|Grayson|Allen|2015|2016|3|10|4|Verizon Center|Washington|District of Columbia|Duke|ND|71|86|pass-received|0|0|||0|0|131410|887665|Brandon|Ingram|23|0
visitors|Matt|Jones|2015|2016|3|10|4|Verizon Center|Washington|District of Columbia|Duke|ND|80|71|pass-made|109415|601143|Marshall|Plumlee|2|0|0|0|||0|0
visitors|Matt|Jones|2015|2016|3|10|4|Verizon Center|Washington|District of Columbia|Duke|ND|80|71|pass-made|126159|842296|Grayson|Allen|20|0|0|0|||0|0
visitors|Matt|Jones|2015|2016|3|10|4|Verizon Center|Washington|District of Columbia|Duke|ND|80|71|pass-made|131408|887661|Luke|Kennard|17|0|0|0|||0|0
visitors|Matt|Jones|2015|2016|3|10|4|Verizon Center|Washington|District of Columbia|Duke|ND|80|71|pass-made|131409|887664|Derryck|Thornton|18|0|0|0|||0|0
visitors|Matt|Jones|2015|2016|3|10|4|Verizon Center|Washington|District of Columbia|Duke|ND|80|71|pass-made|131410|887665|Brandon|Ingram|23|2|0|0|||0|0
visitors|Matt|Jones|2015|2016|3|10|4|Verizon Center|Washington|District of Columbia|Duke|ND|80|71|pass-received|0|0|||0|0|109415|601143|Marshall|Plumlee|2|0
visitors|Matt|Jones|2015|2016|3|10|4|Verizon Center|Washington|District of Columbia|Duke|ND|80|71|pass-received|0|0|||0|0|126159|842296|Grayson|Allen|18|0
visitors|Matt|Jones|2015|2016|3|10|4|Verizon Center|Washington|District of Columbia|Duke|ND|80|71|pass-received|0|0|||0|0|131407|887658|Chase|Jeter|2|0
visitors|Matt|Jones|2015|2016|3|10|4|Verizon Center|Washington|District of Columbia|Duke|ND|80|71|pass-received|0|0|||0|0|131408|887661|Luke|Kennard|16|1
visitors|Matt|Jones|2015|2016|3|10|4|Verizon Center|Washington|District of Columbia|Duke|ND|80|71|pass-received|0|0|||0|0|131409|887664|Derryck|Thornton|9|0
visitors|Matt|Jones|2015|2016|3|10|4|Verizon Center|Washington|District of Columbia|Duke|ND|80|71|pass-received|0|0|||0|0|131410|887665|Brandon|Ingram|24|1
visitors|Luke|Kennard|2015|2016|3|10|4|Verizon Center|Washington|District of Columbia|Duke|ND|54|59|pass-made|121034|756883|Matt|Jones|16|1|0|0|||0|0
visitors|Luke|Kennard|2015|2016|3|10|4|Verizon Center|Washington|District of Columbia|Duke|ND|54|59|pass-made|126159|842296|Grayson|Allen|11|2|0|0|||0|0
visitors|Luke|Kennard|2015|2016|3|10|4|Verizon Center|Washington|District of Columbia|Duke|ND|54|59|pass-made|131407|887658|Chase|Jeter|1|0|0|0|||0|0
visitors|Luke|Kennard|2015|2016|3|10|4|Verizon Center|Washington|District of Columbia|Duke|ND|54|59|pass-made|131409|887664|Derryck|Thornton|17|0|0|0|||0|0
visitors|Luke|Kennard|2015|2016|3|10|4|Verizon Center|Washington|District of Columbia|Duke|ND|54|59|pass-made|131410|887665|Brandon|Ingram|9|0|0|0|||0|0
visitors|Luke|Kennard|2015|2016|3|10|4|Verizon Center|Washington|District of Columbia|Duke|ND|54|59|pass-received|0|0|||0|0|121034|756883|Matt|Jones|17|0
visitors|Luke|Kennard|2015|2016|3|10|4|Verizon Center|Washington|District of Columbia|Duke|ND|54|59|pass-received|0|0|||0|0|121232|789577|Sean|Obi|3|0
visitors|Luke|Kennard|2015|2016|3|10|4|Verizon Center|Washington|District of Columbia|Duke|ND|54|59|pass-received|0|0|||0|0|126159|842296|Grayson|Allen|17|1
visitors|Luke|Kennard|2015|2016|3|10|4|Verizon Center|Washington|District of Columbia|Duke|ND|54|59|pass-received|0|0|||0|0|131407|887658|Chase|Jeter|1|0
visitors|Luke|Kennard|2015|2016|3|10|4|Verizon Center|Washington|District of Columbia|Duke|ND|54|59|pass-received|0|0|||0|0|131409|887664|Derryck|Thornton|14|0
visitors|Luke|Kennard|2015|2016|3|10|4|Verizon Center|Washington|District of Columbia|Duke|ND|54|59|pass-received|0|0|||0|0|131410|887665|Brandon|Ingram|7|0
visitors|Chase|Jeter|2015|2016|3|10|4|Verizon Center|Washington|District of Columbia|Duke|ND|7|4|pass-made|121034|756883|Matt|Jones|2|0|0|0|||0|0
visitors|Chase|Jeter|2015|2016|3|10|4|Verizon Center|Washington|District of Columbia|Duke|ND|7|4|pass-made|126159|842296|Grayson|Allen|1|0|0|0|||0|0
visitors|Chase|Jeter|2015|2016|3|10|4|Verizon Center|Washington|District of Columbia|Duke|ND|7|4|pass-made|131408|887661|Luke|Kennard|1|0|0|0|||0|0
visitors|Chase|Jeter|2015|2016|3|10|4|Verizon Center|Washington|District of Columbia|Duke|ND|7|4|pass-made|131410|887665|Brandon|Ingram|3|0|0|0|||0|0
visitors|Chase|Jeter|2015|2016|3|10|4|Verizon Center|Washington|District of Columbia|Duke|ND|7|4|pass-received|0|0|||0|0|126159|842296|Grayson|Allen|1|0
visitors|Chase|Jeter|2015|2016|3|10|4|Verizon Center|Washington|District of Columbia|Duke|ND|7|4|pass-received|0|0|||0|0|131408|887661|Luke|Kennard|1|0
visitors|Chase|Jeter|2015|2016|3|10|4|Verizon Center|Washington|District of Columbia|Duke|ND|7|4|pass-received|0|0|||0|0|131409|887664|Derryck|Thornton|2|1
visitors|Sean|Obi|2015|2016|3|10|4|Verizon Center|Washington|District of Columbia|Duke|ND|7|2|pass-made|126159|842296|Grayson|Allen|3|0|0|0|||0|0
visitors|Sean|Obi|2015|2016|3|10|4|Verizon Center|Washington|District of Columbia|Duke|ND|7|2|pass-made|131408|887661|Luke|Kennard|3|0|0|0|||0|0
visitors|Sean|Obi|2015|2016|3|10|4|Verizon Center|Washington|District of Columbia|Duke|ND|7|2|pass-made|131410|887665|Brandon|Ingram|1|0|0|0|||0|0
visitors|Sean|Obi|2015|2016|3|10|4|Verizon Center|Washington|District of Columbia|Duke|ND|7|2|pass-received|0|0|||0|0|131409|887664|Derryck|Thornton|1|0
visitors|Sean|Obi|2015|2016|3|10|4|Verizon Center|Washington|District of Columbia|Duke|ND|7|2|pass-received|0|0|||0|0|131410|887665|Brandon|Ingram|1|0
visitors|Derryck|Thornton|2015|2016|3|10|4|Verizon Center|Washington|District of Columbia|Duke|ND|62|65|pass-made|109415|601143|Marshall|Plumlee|3|0|0|0|||0|0
visitors|Derryck|Thornton|2015|2016|3|10|4|Verizon Center|Washington|District of Columbia|Duke|ND|62|65|pass-made|121034|756883|Matt|Jones|9|0|0|0|||0|0
visitors|Derryck|Thornton|2015|2016|3|10|4|Verizon Center|Washington|District of Columbia|Duke|ND|62|65|pass-made|121232|789577|Sean|Obi|1|0|0|0|||0|0
visitors|Derryck|Thornton|2015|2016|3|10|4|Verizon Center|Washington|District of Columbia|Duke|ND|62|65|pass-made|126159|842296|Grayson|Allen|24|3|0|0|||0|0
visitors|Derryck|Thornton|2015|2016|3|10|4|Verizon Center|Washington|District of Columbia|Duke|ND|62|65|pass-made|131407|887658|Chase|Jeter|2|1|0|0|||0|0
visitors|Derryck|Thornton|2015|2016|3|10|4|Verizon Center|Washington|District of Columbia|Duke|ND|62|65|pass-made|131408|887661|Luke|Kennard|14|0|0|0|||0|0
visitors|Derryck|Thornton|2015|2016|3|10|4|Verizon Center|Washington|District of Columbia|Duke|ND|62|65|pass-made|131410|887665|Brandon|Ingram|9|0|0|0|||0|0
visitors|Derryck|Thornton|2015|2016|3|10|4|Verizon Center|Washington|District of Columbia|Duke|ND|62|65|pass-received|0|0|||0|0|121034|756883|Matt|Jones|18|0
visitors|Derryck|Thornton|2015|2016|3|10|4|Verizon Center|Washington|District of Columbia|Duke|ND|62|65|pass-received|0|0|||0|0|126159|842296|Grayson|Allen|16|0
visitors|Derryck|Thornton|2015|2016|3|10|4|Verizon Center|Washington|District of Columbia|Duke|ND|62|65|pass-received|0|0|||0|0|131408|887661|Luke|Kennard|17|0
visitors|Derryck|Thornton|2015|2016|3|10|4|Verizon Center|Washington|District of Columbia|Duke|ND|62|65|pass-received|0|0|||0|0|131410|887665|Brandon|Ingram|14|0
home|Zach|Auguste|2015|2016|3|10|4|Verizon Center|Washington|District of Columbia|Duke|ND|36|28|pass-made|120754|746333|V.J.|Beachem|6|1|0|0|||0|0
home|Zach|Auguste|2015|2016|3|10|4|Verizon Center|Washington|District of Columbia|Duke|ND|36|28|pass-made|120755|746335|Demetrius|Jackson|18|0|0|0|||0|0
home|Zach|Auguste|2015|2016|3|10|4|Verizon Center|Washington|District of Columbia|Duke|ND|36|28|pass-made|120756|746343|Steve|Vasturia|9|0|0|0|||0|0
home|Zach|Auguste|2015|2016|3|10|4|Verizon Center|Washington|District of Columbia|Duke|ND|36|28|pass-made|126186|842994|Bonzie|Colson|3|0|0|0|||0|0
home|Zach|Auguste|2015|2016|3|10|4|Verizon Center|Washington|District of Columbia|Duke|ND|36|28|pass-received|0|0|||0|0|120754|746333|V.J.|Beachem|4|1
home|Zach|Auguste|2015|2016|3|10|4|Verizon Center|Washington|District of Columbia|Duke|ND|36|28|pass-received|0|0|||0|0|120755|746335|Demetrius|Jackson|7|1
home|Zach|Auguste|2015|2016|3|10|4|Verizon Center|Washington|District of Columbia|Duke|ND|36|28|pass-received|0|0|||0|0|120756|746343|Steve|Vasturia|13|1
home|Zach|Auguste|2015|2016|3|10|4|Verizon Center|Washington|District of Columbia|Duke|ND|36|28|pass-received|0|0|||0|0|126186|842994|Bonzie|Colson|3|1
home|Zach|Auguste|2015|2016|3|10|4|Verizon Center|Washington|District of Columbia|Duke|ND|36|28|pass-received|0|0|||0|0|131185|880463|Matt|Ryan|1|0
home|V.J.|Beachem|2015|2016|3|10|4|Verizon Center|Washington|District of Columbia|Duke|ND|66|74|pass-made|116591|697038|Zach|Auguste|4|1|0|0|||0|0
home|V.J.|Beachem|2015|2016|3|10|4|Verizon Center|Washington|District of Columbia|Duke|ND|66|74|pass-made|120755|746335|Demetrius|Jackson|28|0|0|0|||0|0
home|V.J.|Beachem|2015|2016|3|10|4|Verizon Center|Washington|District of Columbia|Duke|ND|66|74|pass-made|120756|746343|Steve|Vasturia|27|0|0|0|||0|0
home|V.J.|Beachem|2015|2016|3|10|4|Verizon Center|Washington|District of Columbia|Duke|ND|66|74|pass-made|126186|842994|Bonzie|Colson|5|0|0|0|||0|0
home|V.J.|Beachem|2015|2016|3|10|4|Verizon Center|Washington|District of Columbia|Duke|ND|66|74|pass-made|131184|880462|Rex|Pflueger|1|0|0|0|||0|0
home|V.J.|Beachem|2015|2016|3|10|4|Verizon Center|Washington|District of Columbia|Duke|ND|66|74|pass-made|131185|880463|Matt|Ryan|1|0|0|0|||0|0
home|V.J.|Beachem|2015|2016|3|10|4|Verizon Center|Washington|District of Columbia|Duke|ND|66|74|pass-received|0|0|||0|0|116591|697038|Zach|Auguste|6|1
home|V.J.|Beachem|2015|2016|3|10|4|Verizon Center|Washington|District of Columbia|Duke|ND|66|74|pass-received|0|0|||0|0|120755|746335|Demetrius|Jackson|34|1
home|V.J.|Beachem|2015|2016|3|10|4|Verizon Center|Washington|District of Columbia|Duke|ND|66|74|pass-received|0|0|||0|0|120756|746343|Steve|Vasturia|25|2
home|V.J.|Beachem|2015|2016|3|10|4|Verizon Center|Washington|District of Columbia|Duke|ND|66|74|pass-received|0|0|||0|0|126186|842994|Bonzie|Colson|4|2
home|V.J.|Beachem|2015|2016|3|10|4|Verizon Center|Washington|District of Columbia|Duke|ND|66|74|pass-received|0|0|||0|0|131184|880462|Rex|Pflueger|1|0
home|V.J.|Beachem|2015|2016|3|10|4|Verizon Center|Washington|District of Columbia|Duke|ND|66|74|pass-received|0|0|||0|0|131185|880463|Matt|Ryan|4|0
home|Bonzie|Colson|2015|2016|3|10|4|Verizon Center|Washington|District of Columbia|Duke|ND|38|26|pass-made|116591|697038|Zach|Auguste|3|1|0|0|||0|0
home|Bonzie|Colson|2015|2016|3|10|4|Verizon Center|Washington|District of Columbia|Duke|ND|38|26|pass-made|120754|746333|V.J.|Beachem|4|2|0|0|||0|0
home|Bonzie|Colson|2015|2016|3|10|4|Verizon Center|Washington|District of Columbia|Duke|ND|38|26|pass-made|120755|746335|Demetrius|Jackson|18|0|0|0|||0|0
home|Bonzie|Colson|2015|2016|3|10|4|Verizon Center|Washington|District of Columbia|Duke|ND|38|26|pass-made|120756|746343|Steve|Vasturia|10|0|0|0|||0|0
home|Bonzie|Colson|2015|2016|3|10|4|Verizon Center|Washington|District of Columbia|Duke|ND|38|26|pass-made|131184|880462|Rex|Pflueger|1|0|0|0|||0|0
home|Bonzie|Colson|2015|2016|3|10|4|Verizon Center|Washington|District of Columbia|Duke|ND|38|26|pass-made|131185|880463|Matt|Ryan|2|1|0|0|||0|0
home|Bonzie|Colson|2015|2016|3|10|4|Verizon Center|Washington|District of Columbia|Duke|ND|38|26|pass-received|0|0|||0|0|116591|697038|Zach|Auguste|3|0
home|Bonzie|Colson|2015|2016|3|10|4|Verizon Center|Washington|District of Columbia|Duke|ND|38|26|pass-received|0|0|||0|0|120754|746333|V.J.|Beachem|5|0
home|Bonzie|Colson|2015|2016|3|10|4|Verizon Center|Washington|District of Columbia|Duke|ND|38|26|pass-received|0|0|||0|0|120755|746335|Demetrius|Jackson|4|0
home|Bonzie|Colson|2015|2016|3|10|4|Verizon Center|Washington|District of Columbia|Duke|ND|38|26|pass-received|0|0|||0|0|120756|746343|Steve|Vasturia|12|2
home|Bonzie|Colson|2015|2016|3|10|4|Verizon Center|Washington|District of Columbia|Duke|ND|38|26|pass-received|0|0|||0|0|131184|880462|Rex|Pflueger|1|0
home|Bonzie|Colson|2015|2016|3|10|4|Verizon Center|Washington|District of Columbia|Duke|ND|38|26|pass-received|0|0|||0|0|131185|880463|Matt|Ryan|1|0
home|Demetrius|Jackson|2015|2016|3|10|4|Verizon Center|Washington|District of Columbia|Duke|ND|110|120|pass-made|116591|697038|Zach|Auguste|7|1|0|0|||0|0
home|Demetrius|Jackson|2015|2016|3|10|4|Verizon Center|Washington|District of Columbia|Duke|ND|110|120|pass-made|120754|746333|V.J.|Beachem|34|1|0|0|||0|0
home|Demetrius|Jackson|2015|2016|3|10|4|Verizon Center|Washington|District of Columbia|Duke|ND|110|120|pass-made|120756|746343|Steve|Vasturia|51|1|0|0|||0|0
home|Demetrius|Jackson|2015|2016|3|10|4|Verizon Center|Washington|District of Columbia|Duke|ND|110|120|pass-made|126186|842994|Bonzie|Colson|4|0|0|0|||0|0
home|Demetrius|Jackson|2015|2016|3|10|4|Verizon Center|Washington|District of Columbia|Duke|ND|110|120|pass-made|131185|880463|Matt|Ryan|14|1|0|0|||0|0
home|Demetrius|Jackson|2015|2016|3|10|4|Verizon Center|Washington|District of Columbia|Duke|ND|110|120|pass-received|0|0|||0|0|116591|697038|Zach|Auguste|18|0
home|Demetrius|Jackson|2015|2016|3|10|4|Verizon Center|Washington|District of Columbia|Duke|ND|110|120|pass-received|0|0|||0|0|120754|746333|V.J.|Beachem|28|0
home|Demetrius|Jackson|2015|2016|3|10|4|Verizon Center|Washington|District of Columbia|Duke|ND|110|120|pass-received|0|0|||0|0|120756|746343|Steve|Vasturia|43|1
home|Demetrius|Jackson|2015|2016|3|10|4|Verizon Center|Washington|District of Columbia|Duke|ND|110|120|pass-received|0|0|||0|0|126186|842994|Bonzie|Colson|18|0
home|Demetrius|Jackson|2015|2016|3|10|4|Verizon Center|Washington|District of Columbia|Duke|ND|110|120|pass-received|0|0|||0|0|131185|880463|Matt|Ryan|13|0
home|Steve|Vasturia|2015|2016|3|10|4|Verizon Center|Washington|District of Columbia|Duke|ND|104|105|pass-made|116591|697038|Zach|Auguste|13|1|0|0|||0|0
home|Steve|Vasturia|2015|2016|3|10|4|Verizon Center|Washington|District of Columbia|Duke|ND|104|105|pass-made|120754|746333|V.J.|Beachem|25|2|0|0|||0|0
home|Steve|Vasturia|2015|2016|3|10|4|Verizon Center|Washington|District of Columbia|Duke|ND|104|105|pass-made|120755|746335|Demetrius|Jackson|43|1|0|0|||0|0
home|Steve|Vasturia|2015|2016|3|10|4|Verizon Center|Washington|District of Columbia|Duke|ND|104|105|pass-made|126186|842994|Bonzie|Colson|12|2|0|0|||0|0
home|Steve|Vasturia|2015|2016|3|10|4|Verizon Center|Washington|District of Columbia|Duke|ND|104|105|pass-made|131184|880462|Rex|Pflueger|5|0|0|0|||0|0
home|Steve|Vasturia|2015|2016|3|10|4|Verizon Center|Washington|District of Columbia|Duke|ND|104|105|pass-made|131185|880463|Matt|Ryan|6|0|0|0|||0|0
home|Steve|Vasturia|2015|2016|3|10|4|Verizon Center|Washington|District of Columbia|Duke|ND|104|105|pass-received|0|0|||0|0|116591|697038|Zach|Auguste|9|0
home|Steve|Vasturia|2015|2016|3|10|4|Verizon Center|Washington|District of Columbia|Duke|ND|104|105|pass-received|0|0|||0|0|120754|746333|V.J.|Beachem|27|0
home|Steve|Vasturia|2015|2016|3|10|4|Verizon Center|Washington|District of Columbia|Duke|ND|104|105|pass-received|0|0|||0|0|120755|746335|Demetrius|Jackson|51|1
home|Steve|Vasturia|2015|2016|3|10|4|Verizon Center|Washington|District of Columbia|Duke|ND|104|105|pass-received|0|0|||0|0|126186|842994|Bonzie|Colson|10|0
home|Steve|Vasturia|2015|2016|3|10|4|Verizon Center|Washington|District of Columbia|Duke|ND|104|105|pass-received|0|0|||0|0|131184|880462|Rex|Pflueger|3|0
home|Steve|Vasturia|2015|2016|3|10|4|Verizon Center|Washington|District of Columbia|Duke|ND|104|105|pass-received|0|0|||0|0|131185|880463|Matt|Ryan|5|0
home|Rex|Pflueger|2015|2016|3|10|4|Verizon Center|Washington|District of Columbia|Duke|ND|6|7|pass-made|120754|746333|V.J.|Beachem|1|0|0|0|||0|0
home|Rex|Pflueger|2015|2016|3|10|4|Verizon Center|Washington|District of Columbia|Duke|ND|6|7|pass-made|120756|746343|Steve|Vasturia|3|0|0|0|||0|0
home|Rex|Pflueger|2015|2016|3|10|4|Verizon Center|Washington|District of Columbia|Duke|ND|6|7|pass-made|126186|842994|Bonzie|Colson|1|0|0|0|||0|0
home|Rex|Pflueger|2015|2016|3|10|4|Verizon Center|Washington|District of Columbia|Duke|ND|6|7|pass-made|131185|880463|Matt|Ryan|1|1|0|0|||0|0
home|Rex|Pflueger|2015|2016|3|10|4|Verizon Center|Washington|District of Columbia|Duke|ND|6|7|pass-received|0|0|||0|0|120754|746333|V.J.|Beachem|1|0
home|Rex|Pflueger|2015|2016|3|10|4|Verizon Center|Washington|District of Columbia|Duke|ND|6|7|pass-received|0|0|||0|0|120756|746343|Steve|Vasturia|5|0
home|Rex|Pflueger|2015|2016|3|10|4|Verizon Center|Washington|District of Columbia|Duke|ND|6|7|pass-received|0|0|||0|0|126186|842994|Bonzie|Colson|1|0
home|Matt|Ryan|2015|2016|3|10|4|Verizon Center|Washington|District of Columbia|Duke|ND|24|24|pass-made|116591|697038|Zach|Auguste|1|0|0|0|||0|0
home|Matt|Ryan|2015|2016|3|10|4|Verizon Center|Washington|District of Columbia|Duke|ND|24|24|pass-made|120754|746333|V.J.|Beachem|4|0|0|0|||0|0
home|Matt|Ryan|2015|2016|3|10|4|Verizon Center|Washington|District of Columbia|Duke|ND|24|24|pass-made|120755|746335|Demetrius|Jackson|13|0|0|0|||0|0
home|Matt|Ryan|2015|2016|3|10|4|Verizon Center|Washington|District of Columbia|Duke|ND|24|24|pass-made|120756|746343|Steve|Vasturia|5|0|0|0|||0|0
home|Matt|Ryan|2015|2016|3|10|4|Verizon Center|Washington|District of Columbia|Duke|ND|24|24|pass-made|126186|842994|Bonzie|Colson|1|0|0|0|||0|0
home|Matt|Ryan|2015|2016|3|10|4|Verizon Center|Washington|District of Columbia|Duke|ND|24|24|pass-received|0|0|||0|0|120754|746333|V.J.|Beachem|1|0
home|Matt|Ryan|2015|2016|3|10|4|Verizon Center|Washington|District of Columbia|Duke|ND|24|24|pass-received|0|0|||0|0|120755|746335|Demetrius|Jackson|14|1
home|Matt|Ryan|2015|2016|3|10|4|Verizon Center|Washington|District of Columbia|Duke|ND|24|24|pass-received|0|0|||0|0|120756|746343|Steve|Vasturia|6|0
home|Matt|Ryan|2015|2016|3|10|4|Verizon Center|Washington|District of Columbia|Duke|ND|24|24|pass-received|0|0|||0|0|126186|842994|Bonzie|Colson|2|1
home|Matt|Ryan|2015|2016|3|10|4|Verizon Center|Washington|District of Columbia|Duke|ND|24|24|pass-received|0|0|||0|0|131184|880462|Rex|Pflueger|1|1
